Run,Bases,BioSample,Experiment,Instrument,Library Name,LibraryLayout,Organism,Platform,Sample Name,SRA Study,sample_type,sex,Sample_code,Date,geo_loc_name,lat,lon,lat_lon,Spawning_time,Era,n_ind
SRR12106931,5335574732,SAMN15398051,SRX8631071,Illumina NovaSeq 6000,AAL1_CelticSea_Atlantic_Winter_rg2,PAIRED,Clupea harengus,ILLUMINA,AAL1_CelticSea,NA,individual,not determined,AAL1,NA,NA,N51° 59',W6° 51',NA,NA,modern,NA
SRR12106933,5385676532,SAMN15398051,SRX8631069,Illumina NovaSeq 6000,AAL1_CelticSea_Atlantic_Winter_rg1,PAIRED,Clupea harengus,ILLUMINA,AAL1_CelticSea,NA,individual,not determined,AAL1,NA,NA,N51° 59',W6° 51',NA,NA,modern,NA
SRR12106929,6167820896,SAMN15398052,SRX8631073,Illumina NovaSeq 6000,AAL2_CelticSea_Atlantic_Winter_rg2,PAIRED,Clupea harengus,ILLUMINA,AAL2_CelticSea,NA,individual,not determined,AAL2,NA,NA,N51° 59',W6° 51',NA,NA,modern,NA
SRR12106930,6240517430,SAMN15398052,SRX8631072,Illumina NovaSeq 6000,AAL2_CelticSea_Atlantic_Winter_rg1,PAIRED,Clupea harengus,ILLUMINA,AAL2_CelticSea,NA,individual,not determined,AAL2,NA,NA,N51° 59',W6° 51',NA,NA,modern,NA
SRR12106927,6143606838,SAMN15398053,SRX8631075,Illumina NovaSeq 6000,AAL3_CelticSea_Atlantic_Winter_rg2,PAIRED,Clupea harengus,ILLUMINA,AAL3_CelticSea,NA,individual,not determined,AAL3,NA,NA,N51° 59',W6° 51',NA,NA,modern,NA
SRR12106928,6185319078,SAMN15398053,SRX8631074,Illumina NovaSeq 6000,AAL3_CelticSea_Atlantic_Winter_rg1,PAIRED,Clupea harengus,ILLUMINA,AAL3_CelticSea,NA,individual,not determined,AAL3,NA,NA,N51° 59',W6° 51',NA,NA,modern,NA
SRR24138725,2659817000,SAMN34152202,SRX19937252,Illumina HiSeq 2000,AF29_Norway_Atlantic_Spring_rg3,PAIRED,Clupea harengus,ILLUMINA,AF29_Norway_Atlantic_Spring,NA,individual,female,AF29,2013,Norway,NA,NA,61.185625 N 4.658203 E,spring,modern,NA
SRR24138787,2633315000,SAMN34152202,SRX19937190,Illumina HiSeq 2000,AF29_Norway_Atlantic_Spring_rg5,PAIRED,Clupea harengus,ILLUMINA,AF29_Norway_Atlantic_Spring,NA,individual,female,AF29,2013,Norway,NA,NA,61.185625 N 4.658203 E,spring,modern,NA
SRR24138798,2470753800,SAMN34152202,SRX19937179,Illumina HiSeq 2000,AF29_Norway_Atlantic_Spring_rg4,PAIRED,Clupea harengus,ILLUMINA,AF29_Norway_Atlantic_Spring,NA,individual,female,AF29,2013,Norway,NA,NA,61.185625 N 4.658203 E,spring,modern,NA
SRR24138836,2800526400,SAMN34152202,SRX19937141,Illumina HiSeq 2000,AF29_Norway_Atlantic_Spring_rg2,PAIRED,Clupea harengus,ILLUMINA,AF29_Norway_Atlantic_Spring,NA,individual,female,AF29,2013,Norway,NA,NA,61.185625 N 4.658203 E,spring,modern,NA
SRR24138837,2439847400,SAMN34152202,SRX19937140,Illumina HiSeq 2000,AF29_Norway_Atlantic_Spring_rg1,PAIRED,Clupea harengus,ILLUMINA,AF29_Norway_Atlantic_Spring,NA,individual,female,AF29,2013,Norway,NA,NA,61.185625 N 4.658203 E,spring,modern,NA
SRR24138642,2457654600,SAMN34152203,SRX19937335,Illumina HiSeq 2000,AF30_Norway_Atlantic_Spring_rg3,PAIRED,Clupea harengus,ILLUMINA,AF30_Norway_Atlantic_Spring,NA,individual,female,AF30,2013,Norway,NA,NA,61.185625 N 4.658203 E,spring,modern,NA
SRR24138653,2584237200,SAMN34152203,SRX19937324,Illumina HiSeq 2000,AF30_Norway_Atlantic_Spring_rg2,PAIRED,Clupea harengus,ILLUMINA,AF30_Norway_Atlantic_Spring,NA,individual,female,AF30,2013,Norway,NA,NA,61.185625 N 4.658203 E,spring,modern,NA
SRR24138664,2238381000,SAMN34152203,SRX19937313,Illumina HiSeq 2000,AF30_Norway_Atlantic_Spring_rg1,PAIRED,Clupea harengus,ILLUMINA,AF30_Norway_Atlantic_Spring,NA,individual,female,AF30,2013,Norway,NA,NA,61.185625 N 4.658203 E,spring,modern,NA
SRR24138704,2435657000,SAMN34152203,SRX19937273,Illumina HiSeq 2000,AF30_Norway_Atlantic_Spring_rg5,PAIRED,Clupea harengus,ILLUMINA,AF30_Norway_Atlantic_Spring,NA,individual,female,AF30,2013,Norway,NA,NA,61.185625 N 4.658203 E,spring,modern,NA
SRR24138715,2268346400,SAMN34152203,SRX19937262,Illumina HiSeq 2000,AF30_Norway_Atlantic_Spring_rg4,PAIRED,Clupea harengus,ILLUMINA,AF30_Norway_Atlantic_Spring,NA,individual,female,AF30,2013,Norway,NA,NA,61.185625 N 4.658203 E,spring,modern,NA
SRR24138757,2572698600,SAMN34152204,SRX19937220,Illumina HiSeq 2000,AF31_Norway_Atlantic_Spring_rg3,PAIRED,Clupea harengus,ILLUMINA,AF31_Norway_Atlantic_Spring,NA,individual,female,AF31,2013,Norway,NA,NA,61.185625 N 4.658203 E,spring,modern,NA
SRR24138768,2707408800,SAMN34152204,SRX19937209,Illumina HiSeq 2000,AF31_Norway_Atlantic_Spring_rg2,PAIRED,Clupea harengus,ILLUMINA,AF31_Norway_Atlantic_Spring,NA,individual,female,AF31,2013,Norway,NA,NA,61.185625 N 4.658203 E,spring,modern,NA
SRR24138819,2548510600,SAMN34152204,SRX19937158,Illumina HiSeq 2000,AF31_Norway_Atlantic_Spring_rg5,PAIRED,Clupea harengus,ILLUMINA,AF31_Norway_Atlantic_Spring,NA,individual,female,AF31,2013,Norway,NA,NA,61.185625 N 4.658203 E,spring,modern,NA
SRR24138830,2389688600,SAMN34152204,SRX19937147,Illumina HiSeq 2000,AF31_Norway_Atlantic_Spring_rg4,PAIRED,Clupea harengus,ILLUMINA,AF31_Norway_Atlantic_Spring,NA,individual,female,AF31,2013,Norway,NA,NA,61.185625 N 4.658203 E,spring,modern,NA
SRR24138835,2358717000,SAMN34152204,SRX19937142,Illumina HiSeq 2000,AF31_Norway_Atlantic_Spring_rg1,PAIRED,Clupea harengus,ILLUMINA,AF31_Norway_Atlantic_Spring,NA,individual,female,AF31,2013,Norway,NA,NA,61.185625 N 4.658203 E,spring,modern,NA
SRR24138674,2198509200,SAMN34152205,SRX19937303,Illumina HiSeq 2000,AF8_Norway_Atlantic_Spring_rg3,PAIRED,Clupea harengus,ILLUMINA,AF8_Norway_Atlantic_Spring,NA,individual,female,AF8,2013,Norway,NA,NA,61.185625 N 4.658203 E,spring,modern,NA
SRR24138685,2306251600,SAMN34152205,SRX19937292,Illumina HiSeq 2000,AF8_Norway_Atlantic_Spring_rg2,PAIRED,Clupea harengus,ILLUMINA,AF8_Norway_Atlantic_Spring,NA,individual,female,AF8,2013,Norway,NA,NA,61.185625 N 4.658203 E,spring,modern,NA
SRR24138736,2177585200,SAMN34152205,SRX19937241,Illumina HiSeq 2000,AF8_Norway_Atlantic_Spring_rg5,PAIRED,Clupea harengus,ILLUMINA,AF8_Norway_Atlantic_Spring,NA,individual,female,AF8,2013,Norway,NA,NA,61.185625 N 4.658203 E,spring,modern,NA
SRR24138747,2026894600,SAMN34152205,SRX19937230,Illumina HiSeq 2000,AF8_Norway_Atlantic_Spring_rg4,PAIRED,Clupea harengus,ILLUMINA,AF8_Norway_Atlantic_Spring,NA,individual,female,AF8,2013,Norway,NA,NA,61.185625 N 4.658203 E,spring,modern,NA
SRR24138808,2001851000,SAMN34152205,SRX19937169,Illumina HiSeq 2000,AF8_Norway_Atlantic_Spring_rg1,PAIRED,Clupea harengus,ILLUMINA,AF8_Norway_Atlantic_Spring,NA,individual,female,AF8,2013,Norway,NA,NA,61.185625 N 4.658203 E,spring,modern,NA
SRR12106938,5631713818,SAMN15398048,SRX8631064,Illumina NovaSeq 6000,AK1_Downs_Atlantic_Winter_rg2,PAIRED,Clupea harengus,ILLUMINA,AK1_Downs,NA,individual,not determined,AK1,NA,NA,N51° 34',E1° 90',NA,NA,modern,NA
SRR12106939,5692526954,SAMN15398048,SRX8631063,Illumina NovaSeq 6000,AK1_Downs_Atlantic_Winter_rg1,PAIRED,Clupea harengus,ILLUMINA,AK1_Downs,NA,individual,not determined,AK1,NA,NA,N51° 34',E1° 90',NA,NA,modern,NA
SRR12106936,6637480726,SAMN15398049,SRX8631066,Illumina NovaSeq 6000,AK2_Downs_Atlantic_Winter_rg2,PAIRED,Clupea harengus,ILLUMINA,AK2_Downs,NA,individual,not determined,AK2,NA,NA,N51° 34',E1° 90',NA,NA,modern,NA
SRR12106937,6684084158,SAMN15398049,SRX8631065,Illumina NovaSeq 6000,AK2_Downs_Atlantic_Winter_rg1,PAIRED,Clupea harengus,ILLUMINA,AK2_Downs,NA,individual,not determined,AK2,NA,NA,N51° 34',E1° 90',NA,NA,modern,NA
SRR12106934,5808670416,SAMN15398050,SRX8631068,Illumina NovaSeq 6000,AK3_Downs_Atlantic_Winter_rg2,PAIRED,Clupea harengus,ILLUMINA,AK3_Downs,NA,individual,not determined,AK3,NA,NA,N51° 34',E1° 90',NA,NA,modern,NA
SRR12106935,5844696298,SAMN15398050,SRX8631067,Illumina NovaSeq 6000,AK3_Downs_Atlantic_Winter_rg1,PAIRED,Clupea harengus,ILLUMINA,AK3_Downs,NA,individual,not determined,AK3,NA,NA,N51° 34',E1° 90',NA,NA,modern,NA
SRR24138618,2812031600,SAMN34152206,SRX19937359,Illumina HiSeq 2000,AM27_Norway_Atlantic_Spring_rg3,PAIRED,Clupea harengus,ILLUMINA,AM27_Norway_Atlantic_Spring,NA,individual,male,AM27,1980,Sweden,NA,NA,64.866667 N 10.25 E,spring,modern,NA
SRR24138629,2954368200,SAMN34152206,SRX19937348,Illumina HiSeq 2000,AM27_Norway_Atlantic_Spring_rg2,PAIRED,Clupea harengus,ILLUMINA,AM27_Norway_Atlantic_Spring,NA,individual,male,AM27,1980,Sweden,NA,NA,64.866667 N 10.25 E,spring,modern,NA
SRR24138724,2602321400,SAMN34152206,SRX19937253,Illumina HiSeq 2000,AM27_Norway_Atlantic_Spring_rg1,PAIRED,Clupea harengus,ILLUMINA,AM27_Norway_Atlantic_Spring,NA,individual,male,AM27,1980,Sweden,NA,NA,64.866667 N 10.25 E,spring,modern,NA
SRR24138804,2791995400,SAMN34152206,SRX19937173,Illumina HiSeq 2000,AM27_Norway_Atlantic_Spring_rg5,PAIRED,Clupea harengus,ILLUMINA,AM27_Norway_Atlantic_Spring,NA,individual,male,AM27,1980,Sweden,NA,NA,64.866667 N 10.25 E,spring,modern,NA
SRR24138805,2648421000,SAMN34152206,SRX19937172,Illumina HiSeq 2000,AM27_Norway_Atlantic_Spring_rg4,PAIRED,Clupea harengus,ILLUMINA,AM27_Norway_Atlantic_Spring,NA,individual,male,AM27,1980,Sweden,NA,NA,64.866667 N 10.25 E,spring,modern,NA
SRR24138799,2323210400,SAMN34152207,SRX19937178,Illumina HiSeq 2000,AM29_Norway_Atlantic_Spring_rg5,PAIRED,Clupea harengus,ILLUMINA,AM29_Norway_Atlantic_Spring,NA,individual,male,AM29,1980,Sweden,NA,NA,64.866667 N 10.25 E,spring,modern,NA
SRR24138800,2185234800,SAMN34152207,SRX19937177,Illumina HiSeq 2000,AM29_Norway_Atlantic_Spring_rg4,PAIRED,Clupea harengus,ILLUMINA,AM29_Norway_Atlantic_Spring,NA,individual,male,AM29,1980,Sweden,NA,NA,64.866667 N 10.25 E,spring,modern,NA
SRR24138801,2344296600,SAMN34152207,SRX19937176,Illumina HiSeq 2000,AM29_Norway_Atlantic_Spring_rg3,PAIRED,Clupea harengus,ILLUMINA,AM29_Norway_Atlantic_Spring,NA,individual,male,AM29,1980,Sweden,NA,NA,64.866667 N 10.25 E,spring,modern,NA
SRR24138802,2463098200,SAMN34152207,SRX19937175,Illumina HiSeq 2000,AM29_Norway_Atlantic_Spring_rg2,PAIRED,Clupea harengus,ILLUMINA,AM29_Norway_Atlantic_Spring,NA,individual,male,AM29,1980,Sweden,NA,NA,64.866667 N 10.25 E,spring,modern,NA
SRR24138803,2156105200,SAMN34152207,SRX19937174,Illumina HiSeq 2000,AM29_Norway_Atlantic_Spring_rg1,PAIRED,Clupea harengus,ILLUMINA,AM29_Norway_Atlantic_Spring,NA,individual,male,AM29,1980,Sweden,NA,NA,64.866667 N 10.25 E,spring,modern,NA
SRR24138793,2177058800,SAMN34152208,SRX19937184,Illumina HiSeq 2000,AM33_Norway_Atlantic_Spring_rg5,PAIRED,Clupea harengus,ILLUMINA,AM33_Norway_Atlantic_Spring,NA,individual,male,AM33,1980,Sweden,NA,NA,64.866667 N 10.25 E,spring,modern,NA
SRR24138794,2076806600,SAMN34152208,SRX19937183,Illumina HiSeq 2000,AM33_Norway_Atlantic_Spring_rg4,PAIRED,Clupea harengus,ILLUMINA,AM33_Norway_Atlantic_Spring,NA,individual,male,AM33,1980,Sweden,NA,NA,64.866667 N 10.25 E,spring,modern,NA
SRR24138795,2191487600,SAMN34152208,SRX19937182,Illumina HiSeq 2000,AM33_Norway_Atlantic_Spring_rg3,PAIRED,Clupea harengus,ILLUMINA,AM33_Norway_Atlantic_Spring,NA,individual,male,AM33,1980,Sweden,NA,NA,64.866667 N 10.25 E,spring,modern,NA
SRR24138796,2293076600,SAMN34152208,SRX19937181,Illumina HiSeq 2000,AM33_Norway_Atlantic_Spring_rg2,PAIRED,Clupea harengus,ILLUMINA,AM33_Norway_Atlantic_Spring,NA,individual,male,AM33,1980,Sweden,NA,NA,64.866667 N 10.25 E,spring,modern,NA
SRR24138797,2035591600,SAMN34152208,SRX19937180,Illumina HiSeq 2000,AM33_Norway_Atlantic_Spring_rg1,PAIRED,Clupea harengus,ILLUMINA,AM33_Norway_Atlantic_Spring,NA,individual,male,AM33,1980,Sweden,NA,NA,64.866667 N 10.25 E,spring,modern,NA
SRR24138788,2249285200,SAMN34152209,SRX19937189,Illumina HiSeq 2000,AM8_Norway_Atlantic_Spring_rg5,PAIRED,Clupea harengus,ILLUMINA,AM8_Norway_Atlantic_Spring,NA,individual,male,AM8,1980,Sweden,NA,NA,64.866667 N 10.25 E,spring,modern,NA
SRR24138789,2132945000,SAMN34152209,SRX19937188,Illumina HiSeq 2000,AM8_Norway_Atlantic_Spring_rg4,PAIRED,Clupea harengus,ILLUMINA,AM8_Norway_Atlantic_Spring,NA,individual,male,AM8,1980,Sweden,NA,NA,64.866667 N 10.25 E,spring,modern,NA
SRR24138790,2266766800,SAMN34152209,SRX19937187,Illumina HiSeq 2000,AM8_Norway_Atlantic_Spring_rg3,PAIRED,Clupea harengus,ILLUMINA,AM8_Norway_Atlantic_Spring,NA,individual,male,AM8,1980,Sweden,NA,NA,64.866667 N 10.25 E,spring,modern,NA
SRR24138791,2419403400,SAMN34152209,SRX19937186,Illumina HiSeq 2000,AM8_Norway_Atlantic_Spring_rg2,PAIRED,Clupea harengus,ILLUMINA,AM8_Norway_Atlantic_Spring,NA,individual,male,AM8,1980,Sweden,NA,NA,64.866667 N 10.25 E,spring,modern,NA
SRR24138792,2098952400,SAMN34152209,SRX19937185,Illumina HiSeq 2000,AM8_Norway_Atlantic_Spring_rg1,PAIRED,Clupea harengus,ILLUMINA,AM8_Norway_Atlantic_Spring,NA,individual,male,AM8,1980,Sweden,NA,NA,64.866667 N 10.25 E,spring,modern,NA
SRR24138782,2207138200,SAMN34152210,SRX19937195,Illumina HiSeq 2000,BF16_HastKar_Baltic_Spring_rg5,PAIRED,Clupea harengus,ILLUMINA,BF16_HastKar_Baltic_Spring,NA,individual,female,BF16,2013,Baltic Sea,NA,NA,60.532414 N 17.739702 E,spring,modern,NA
SRR24138783,2063273400,SAMN34152210,SRX19937194,Illumina HiSeq 2000,BF16_HastKar_Baltic_Spring_rg4,PAIRED,Clupea harengus,ILLUMINA,BF16_HastKar_Baltic_Spring,NA,individual,female,BF16,2013,Baltic Sea,NA,NA,60.532414 N 17.739702 E,spring,modern,NA
SRR24138784,2226029600,SAMN34152210,SRX19937193,Illumina HiSeq 2000,BF16_HastKar_Baltic_Spring_rg3,PAIRED,Clupea harengus,ILLUMINA,BF16_HastKar_Baltic_Spring,NA,individual,female,BF16,2013,Baltic Sea,NA,NA,60.532414 N 17.739702 E,spring,modern,NA
SRR24138785,2354946000,SAMN34152210,SRX19937192,Illumina HiSeq 2000,BF16_HastKar_Baltic_Spring_rg2,PAIRED,Clupea harengus,ILLUMINA,BF16_HastKar_Baltic_Spring,NA,individual,female,BF16,2013,Baltic Sea,NA,NA,60.532414 N 17.739702 E,spring,modern,NA
SRR24138786,2033570400,SAMN34152210,SRX19937191,Illumina HiSeq 2000,BF16_HastKar_Baltic_Spring_rg1,PAIRED,Clupea harengus,ILLUMINA,BF16_HastKar_Baltic_Spring,NA,individual,female,BF16,2013,Baltic Sea,NA,NA,60.532414 N 17.739702 E,spring,modern,NA
SRR24138665,2904495600,SAMN34152211,SRX19937312,Illumina HiSeq 2000,BF18_HastKar_Baltic_Spring_rg5,PAIRED,Clupea harengus,ILLUMINA,BF18_HastKar_Baltic_Spring,NA,individual,female,BF18,2013,Baltic Sea,NA,NA,60.532414 N 17.739702 E,spring,modern,NA
SRR24138666,2729146400,SAMN34152211,SRX19937199,Illumina HiSeq 2000,BF18_HastKar_Baltic_Spring_rg4,PAIRED,Clupea harengus,ILLUMINA,BF18_HastKar_Baltic_Spring,NA,individual,female,BF18,2013,Baltic Sea,NA,NA,60.532414 N 17.739702 E,spring,modern,NA
SRR24138779,2928517400,SAMN34152211,SRX19937198,Illumina HiSeq 2000,BF18_HastKar_Baltic_Spring_rg3,PAIRED,Clupea harengus,ILLUMINA,BF18_HastKar_Baltic_Spring,NA,individual,female,BF18,2013,Baltic Sea,NA,NA,60.532414 N 17.739702 E,spring,modern,NA
SRR24138780,3087424800,SAMN34152211,SRX19937197,Illumina HiSeq 2000,BF18_HastKar_Baltic_Spring_rg2,PAIRED,Clupea harengus,ILLUMINA,BF18_HastKar_Baltic_Spring,NA,individual,female,BF18,2013,Baltic Sea,NA,NA,60.532414 N 17.739702 E,spring,modern,NA
SRR24138781,2686321000,SAMN34152211,SRX19937196,Illumina HiSeq 2000,BF18_HastKar_Baltic_Spring_rg1,PAIRED,Clupea harengus,ILLUMINA,BF18_HastKar_Baltic_Spring,NA,individual,female,BF18,2013,Baltic Sea,NA,NA,60.532414 N 17.739702 E,spring,modern,NA
SRR24138659,2524021400,SAMN34152212,SRX19937318,Illumina HiSeq 2000,BF19_HastKar_Baltic_Spring_rg5,PAIRED,Clupea harengus,ILLUMINA,BF19_HastKar_Baltic_Spring,NA,individual,female,BF19,2013,Baltic Sea,NA,NA,60.532414 N 17.739702 E,spring,modern,NA
SRR24138660,2378298400,SAMN34152212,SRX19937317,Illumina HiSeq 2000,BF19_HastKar_Baltic_Spring_rg4,PAIRED,Clupea harengus,ILLUMINA,BF19_HastKar_Baltic_Spring,NA,individual,female,BF19,2013,Baltic Sea,NA,NA,60.532414 N 17.739702 E,spring,modern,NA
SRR24138661,2545619000,SAMN34152212,SRX19937316,Illumina HiSeq 2000,BF19_HastKar_Baltic_Spring_rg3,PAIRED,Clupea harengus,ILLUMINA,BF19_HastKar_Baltic_Spring,NA,individual,female,BF19,2013,Baltic Sea,NA,NA,60.532414 N 17.739702 E,spring,modern,NA
SRR24138662,2664896000,SAMN34152212,SRX19937315,Illumina HiSeq 2000,BF19_HastKar_Baltic_Spring_rg2,PAIRED,Clupea harengus,ILLUMINA,BF19_HastKar_Baltic_Spring,NA,individual,female,BF19,2013,Baltic Sea,NA,NA,60.532414 N 17.739702 E,spring,modern,NA
SRR24138663,2344259600,SAMN34152212,SRX19937314,Illumina HiSeq 2000,BF19_HastKar_Baltic_Spring_rg1,PAIRED,Clupea harengus,ILLUMINA,BF19_HastKar_Baltic_Spring,NA,individual,female,BF19,2013,Baltic Sea,NA,NA,60.532414 N 17.739702 E,spring,modern,NA
SRR24138654,2431780400,SAMN34152213,SRX19937323,Illumina HiSeq 2000,BF21_HastKar_Baltic_Spring_rg5,PAIRED,Clupea harengus,ILLUMINA,BF21_HastKar_Baltic_Spring,NA,individual,female,BF21,2013,Baltic Sea,NA,NA,60.532414 N 17.739702 E,spring,modern,NA
SRR24138655,2278527800,SAMN34152213,SRX19937322,Illumina HiSeq 2000,BF21_HastKar_Baltic_Spring_rg4,PAIRED,Clupea harengus,ILLUMINA,BF21_HastKar_Baltic_Spring,NA,individual,female,BF21,2013,Baltic Sea,NA,NA,60.532414 N 17.739702 E,spring,modern,NA
SRR24138656,2451702400,SAMN34152213,SRX19937321,Illumina HiSeq 2000,BF21_HastKar_Baltic_Spring_rg3,PAIRED,Clupea harengus,ILLUMINA,BF21_HastKar_Baltic_Spring,NA,individual,female,BF21,2013,Baltic Sea,NA,NA,60.532414 N 17.739702 E,spring,modern,NA
SRR24138657,2589004400,SAMN34152213,SRX19937320,Illumina HiSeq 2000,BF21_HastKar_Baltic_Spring_rg2,PAIRED,Clupea harengus,ILLUMINA,BF21_HastKar_Baltic_Spring,NA,individual,female,BF21,2013,Baltic Sea,NA,NA,60.532414 N 17.739702 E,spring,modern,NA
SRR24138658,2244796800,SAMN34152213,SRX19937319,Illumina HiSeq 2000,BF21_HastKar_Baltic_Spring_rg1,PAIRED,Clupea harengus,ILLUMINA,BF21_HastKar_Baltic_Spring,NA,individual,female,BF21,2013,Baltic Sea,NA,NA,60.532414 N 17.739702 E,spring,modern,NA
SRR24138648,2174679200,SAMN34152214,SRX19937329,Illumina HiSeq 2000,BM14_HastKar_Baltic_Spring_rg5,PAIRED,Clupea harengus,ILLUMINA,BM14_HastKar_Baltic_Spring,NA,individual,male,BM14,2013,Baltic Sea,NA,NA,60.532414 N 17.739702 E,spring,modern,NA
SRR24138649,2054987000,SAMN34152214,SRX19937328,Illumina HiSeq 2000,BM14_HastKar_Baltic_Spring_rg4,PAIRED,Clupea harengus,ILLUMINA,BM14_HastKar_Baltic_Spring,NA,individual,male,BM14,2013,Baltic Sea,NA,NA,60.532414 N 17.739702 E,spring,modern,NA
SRR24138650,2191731200,SAMN34152214,SRX19937327,Illumina HiSeq 2000,BM14_HastKar_Baltic_Spring_rg3,PAIRED,Clupea harengus,ILLUMINA,BM14_HastKar_Baltic_Spring,NA,individual,male,BM14,2013,Baltic Sea,NA,NA,60.532414 N 17.739702 E,spring,modern,NA
SRR24138651,2298796400,SAMN34152214,SRX19937326,Illumina HiSeq 2000,BM14_HastKar_Baltic_Spring_rg2,PAIRED,Clupea harengus,ILLUMINA,BM14_HastKar_Baltic_Spring,NA,individual,male,BM14,2013,Baltic Sea,NA,NA,60.532414 N 17.739702 E,spring,modern,NA
SRR24138652,2019388200,SAMN34152214,SRX19937325,Illumina HiSeq 2000,BM14_HastKar_Baltic_Spring_rg1,PAIRED,Clupea harengus,ILLUMINA,BM14_HastKar_Baltic_Spring,NA,individual,male,BM14,2013,Baltic Sea,NA,NA,60.532414 N 17.739702 E,spring,modern,NA
SRR24138643,2600773800,SAMN34152215,SRX19937334,Illumina HiSeq 2000,BM15_HastKar_Baltic_Spring_rg5,PAIRED,Clupea harengus,ILLUMINA,BM15_HastKar_Baltic_Spring,NA,individual,male,BM15,2013,Baltic Sea,NA,NA,60.532414 N 17.739702 E,spring,modern,NA
SRR24138644,2432442200,SAMN34152215,SRX19937333,Illumina HiSeq 2000,BM15_HastKar_Baltic_Spring_rg4,PAIRED,Clupea harengus,ILLUMINA,BM15_HastKar_Baltic_Spring,NA,individual,male,BM15,2013,Baltic Sea,NA,NA,60.532414 N 17.739702 E,spring,modern,NA
SRR24138645,2627729400,SAMN34152215,SRX19937332,Illumina HiSeq 2000,BM15_HastKar_Baltic_Spring_rg3,PAIRED,Clupea harengus,ILLUMINA,BM15_HastKar_Baltic_Spring,NA,individual,male,BM15,2013,Baltic Sea,NA,NA,60.532414 N 17.739702 E,spring,modern,NA
SRR24138646,2758426800,SAMN34152215,SRX19937331,Illumina HiSeq 2000,BM15_HastKar_Baltic_Spring_rg2,PAIRED,Clupea harengus,ILLUMINA,BM15_HastKar_Baltic_Spring,NA,individual,male,BM15,2013,Baltic Sea,NA,NA,60.532414 N 17.739702 E,spring,modern,NA
SRR24138647,2399773800,SAMN34152215,SRX19937330,Illumina HiSeq 2000,BM15_HastKar_Baltic_Spring_rg1,PAIRED,Clupea harengus,ILLUMINA,BM15_HastKar_Baltic_Spring,NA,individual,male,BM15,2013,Baltic Sea,NA,NA,60.532414 N 17.739702 E,spring,modern,NA
SRR24138639,2458013800,SAMN34152216,SRX19937338,Illumina HiSeq 2000,BM16_HastKar_Baltic_Spring_rg3,PAIRED,Clupea harengus,ILLUMINA,BM16_HastKar_Baltic_Spring,NA,individual,male,BM16,2013,Baltic Sea,NA,NA,60.532414 N 17.739702 E,spring,modern,NA
SRR24138640,2584172000,SAMN34152216,SRX19937337,Illumina HiSeq 2000,BM16_HastKar_Baltic_Spring_rg2,PAIRED,Clupea harengus,ILLUMINA,BM16_HastKar_Baltic_Spring,NA,individual,male,BM16,2013,Baltic Sea,NA,NA,60.532414 N 17.739702 E,spring,modern,NA
SRR24138641,2263056200,SAMN34152216,SRX19937336,Illumina HiSeq 2000,BM16_HastKar_Baltic_Spring_rg1,PAIRED,Clupea harengus,ILLUMINA,BM16_HastKar_Baltic_Spring,NA,individual,male,BM16,2013,Baltic Sea,NA,NA,60.532414 N 17.739702 E,spring,modern,NA
SRR24138721,2438193400,SAMN34152216,SRX19937256,Illumina HiSeq 2000,BM16_HastKar_Baltic_Spring_rg5,PAIRED,Clupea harengus,ILLUMINA,BM16_HastKar_Baltic_Spring,NA,individual,male,BM16,2013,Baltic Sea,NA,NA,60.532414 N 17.739702 E,spring,modern,NA
SRR24138722,2301309000,SAMN34152216,SRX19937339,Illumina HiSeq 2000,BM16_HastKar_Baltic_Spring_rg4,PAIRED,Clupea harengus,ILLUMINA,BM16_HastKar_Baltic_Spring,NA,individual,male,BM16,2013,Baltic Sea,NA,NA,60.532414 N 17.739702 E,spring,modern,NA
SRR24138716,2272203000,SAMN34152217,SRX19937261,Illumina HiSeq 2000,BM19_HastKar_Baltic_Spring_rg5,PAIRED,Clupea harengus,ILLUMINA,BM19_HastKar_Baltic_Spring,NA,individual,male,BM19,2013,Baltic Sea,NA,NA,60.532414 N 17.739702 E,spring,modern,NA
SRR24138717,2098822200,SAMN34152217,SRX19937260,Illumina HiSeq 2000,BM19_HastKar_Baltic_Spring_rg4,PAIRED,Clupea harengus,ILLUMINA,BM19_HastKar_Baltic_Spring,NA,individual,male,BM19,2013,Baltic Sea,NA,NA,60.532414 N 17.739702 E,spring,modern,NA
SRR24138718,2295355800,SAMN34152217,SRX19937259,Illumina HiSeq 2000,BM19_HastKar_Baltic_Spring_rg3,PAIRED,Clupea harengus,ILLUMINA,BM19_HastKar_Baltic_Spring,NA,individual,male,BM19,2013,Baltic Sea,NA,NA,60.532414 N 17.739702 E,spring,modern,NA
SRR24138719,2402294200,SAMN34152217,SRX19937258,Illumina HiSeq 2000,BM19_HastKar_Baltic_Spring_rg2,PAIRED,Clupea harengus,ILLUMINA,BM19_HastKar_Baltic_Spring,NA,individual,male,BM19,2013,Baltic Sea,NA,NA,60.532414 N 17.739702 E,spring,modern,NA
SRR24138720,2076059800,SAMN34152217,SRX19937257,Illumina HiSeq 2000,BM19_HastKar_Baltic_Spring_rg1,PAIRED,Clupea harengus,ILLUMINA,BM19_HastKar_Baltic_Spring,NA,individual,male,BM19,2013,Baltic Sea,NA,NA,60.532414 N 17.739702 E,spring,modern,NA
SRR12130191,5084027508,SAMN15420200,SRX8651443,Sequel II,40kb_CLR,SINGLE,Clupea harengus,PACBIO_SMRT,Atlantic_herring_CS2,NA,longread,male,CS2,NA,NA,NA,NA,NA,NA,modern,NA
SRR12106923,22572411750,SAMN15398057,SRX8631079,Illumina NovaSeq 6000,Fehmarn3_Fehmarn_Baltic_Autumn_rg1,PAIRED,Clupea harengus,ILLUMINA,Fehmarn3,NA,individual,not determined,Fehmarn3,NA,NA,N54°50′,E11°30′,NA,NA,modern,NA
SRR12106920,26522114750,SAMN15398059,SRX8631082,Illumina NovaSeq 6000,Fehmarn44_Fehmarn_Baltic_Autumn_rg1,PAIRED,Clupea harengus,ILLUMINA,Fehmarn44,NA,individual,not determined,Fehmarn44,NA,NA,N54°50′,E11°30′,NA,NA,modern,NA
SRR12106922,26348546250,SAMN15398058,SRX8631080,Illumina NovaSeq 6000,Fehmarn6_Fehmarn_Baltic_Autumn_rg1,PAIRED,Clupea harengus,ILLUMINA,Fehmarn6,NA,individual,not determined,Fehmarn6,NA,NA,N54°50′,E11°30′,NA,NA,modern,NA
SRR12106924,53730479250,SAMN15398056,SRX8631078,Illumina NovaSeq 6000,Gavle100_Gavle_Baltic_Autumn_rg1,PAIRED,Clupea harengus,ILLUMINA,Gavle100,NA,individual,not determined,Gavle100,NA,NA,N60°44′,E17°35′,NA,NA,modern,NA
SRR12106926,24802706500,SAMN15398054,SRX8631076,Illumina NovaSeq 6000,Gavle54_Gavle_Baltic_Autumn_rg1,PAIRED,Clupea harengus,ILLUMINA,Gavle54,NA,individual,not determined,Gavle54,NA,NA,N60°44′,E17°35′,NA,NA,modern,NA
SRR12106925,44921137250,SAMN15398055,SRX8631077,Illumina NovaSeq 6000,Gavle98_Gavle_Baltic_Autumn_rg1,PAIRED,Clupea harengus,ILLUMINA,Gavle98,NA,individual,not determined,Gavle98,NA,NA,N60°44′,E17°35′,NA,NA,modern,NA
SRR23440881,8398617886,SAMN33225846,SRX19353348,Illumina NovaSeq 6000,Herring_752,PAIRED,Clupea pallasii,ILLUMINA,Herring_752,NA,individual,not determined,Herring752,2011,Atlantic Ocean:Balsfjord,NA,NA,69.27 N 19.28 E,NA,modern,NA
SRR23440880,11575990992,SAMN33225847,SRX19353349,Illumina NovaSeq 6000,Herring_753,PAIRED,Clupea pallasii,ILLUMINA,Herring_753,NA,individual,not determined,Herring753,2011,Atlantic Ocean:Balsfjord,NA,NA,69.27 N 19.28 E,NA,modern,NA
SRR23440869,9347821100,SAMN33225848,SRX19353360,Illumina NovaSeq 6000,Herring_754,PAIRED,Clupea pallasii,ILLUMINA,Herring_754,NA,individual,not determined,Herring754,2011,Atlantic Ocean:Balsfjord,NA,NA,69.27 N 19.28 E,NA,modern,NA
SRR23440858,1575529470,SAMN33225849,SRX19353371,Illumina NovaSeq 6000,Herring_755,PAIRED,Clupea pallasii,ILLUMINA,Herring_755,NA,individual,not determined,Herring755,2011,Atlantic Ocean:Balsfjord,NA,NA,69.27 N 19.28 E,NA,modern,NA
SRR23440847,3035620950,SAMN33225850,SRX19353382,Illumina NovaSeq 6000,Herring_756,PAIRED,Clupea pallasii,ILLUMINA,Herring_756,NA,individual,not determined,Herring756,2011,Atlantic Ocean:Balsfjord,NA,NA,69.27 N 19.28 E,NA,modern,NA
SRR23440845,2206634876,SAMN33225851,SRX19353384,Illumina NovaSeq 6000,Herring_757,PAIRED,Clupea pallasii,ILLUMINA,Herring_757,NA,individual,not determined,Herring757,2011,Atlantic Ocean:Balsfjord,NA,NA,69.27 N 19.28 E,NA,modern,NA
SRR23440844,1306845204,SAMN33225852,SRX19353385,Illumina NovaSeq 6000,Herring_758,PAIRED,Clupea pallasii,ILLUMINA,Herring_758,NA,individual,not determined,Herring758,2011,Atlantic Ocean:Balsfjord,NA,NA,69.27 N 19.28 E,NA,modern,NA
SRR23440843,2020147460,SAMN33225853,SRX19353386,Illumina NovaSeq 6000,Herring_759,PAIRED,Clupea pallasii,ILLUMINA,Herring_759,NA,individual,not determined,Herring759,2011,Atlantic Ocean:Balsfjord,NA,NA,69.27 N 19.28 E,NA,modern,NA
SRR23440842,2282023740,SAMN33225854,SRX19353387,Illumina NovaSeq 6000,Herring_760,PAIRED,Clupea pallasii,ILLUMINA,Herring_760,NA,individual,not determined,Herring760,2011,Atlantic Ocean:Balsfjord,NA,NA,69.27 N 19.28 E,NA,modern,NA
SRR23440841,2135933656,SAMN33225855,SRX19353388,Illumina NovaSeq 6000,Herring_761,PAIRED,Clupea pallasii,ILLUMINA,Herring_761,NA,individual,not determined,Herring761,2011,Atlantic Ocean:Balsfjord,NA,NA,69.27 N 19.28 E,NA,modern,NA
SRR23440879,2978788778,SAMN33225856,SRX19353350,Illumina NovaSeq 6000,Herring_762,PAIRED,Clupea pallasii,ILLUMINA,Herring_762,NA,individual,not determined,Herring762,2011,Atlantic Ocean:Balsfjord,NA,NA,69.27 N 19.28 E,NA,modern,NA
SRR23440878,4563852388,SAMN33225857,SRX19353351,Illumina NovaSeq 6000,Herring_763,PAIRED,Clupea pallasii,ILLUMINA,Herring_763,NA,individual,not determined,Herring763,2011,Atlantic Ocean:Balsfjord,NA,NA,69.27 N 19.28 E,NA,modern,NA
SRR23440877,2990258436,SAMN33225858,SRX19353352,Illumina NovaSeq 6000,Herring_765,PAIRED,Clupea pallasii,ILLUMINA,Herring_765,NA,individual,not determined,Herring765,2011,Atlantic Ocean:Balsfjord,NA,NA,69.27 N 19.28 E,NA,modern,NA
SRR23440876,1692367532,SAMN33225859,SRX19353353,Illumina NovaSeq 6000,Herring_766,PAIRED,Clupea pallasii,ILLUMINA,Herring_766,NA,individual,not determined,Herring766,2011,Atlantic Ocean:Balsfjord,NA,NA,69.27 N 19.28 E,NA,modern,NA
SRR23440875,1240054582,SAMN33225860,SRX19353354,Illumina NovaSeq 6000,Herring_767,PAIRED,Clupea pallasii,ILLUMINA,Herring_767,NA,individual,not determined,Herring767,2011,Atlantic Ocean:Balsfjord,NA,NA,69.27 N 19.28 E,NA,modern,NA
SRR23440874,1287869336,SAMN33225861,SRX19353355,Illumina NovaSeq 6000,Herring_768,PAIRED,Clupea pallasii,ILLUMINA,Herring_768,NA,individual,not determined,Herring768,2011,Atlantic Ocean:Balsfjord,NA,NA,69.27 N 19.28 E,NA,modern,NA
SRR23440873,2176197202,SAMN33225862,SRX19353356,Illumina NovaSeq 6000,Herring_769,PAIRED,Clupea pallasii,ILLUMINA,Herring_769,NA,individual,not determined,Herring769,2011,Atlantic Ocean:Balsfjord,NA,NA,69.27 N 19.28 E,NA,modern,NA
SRR23440872,2195322862,SAMN33225863,SRX19353357,Illumina NovaSeq 6000,Herring_770,PAIRED,Clupea pallasii,ILLUMINA,Herring_770,NA,individual,not determined,Herring770,2011,Atlantic Ocean:Balsfjord,NA,NA,69.27 N 19.28 E,NA,modern,NA
SRR23440871,2017227724,SAMN33225864,SRX19353358,Illumina NovaSeq 6000,Herring_771,PAIRED,Clupea pallasii,ILLUMINA,Herring_771,NA,individual,not determined,Herring771,2011,Atlantic Ocean:Balsfjord,NA,NA,69.27 N 19.28 E,NA,modern,NA
SRR23440870,2957366106,SAMN33225865,SRX19353359,Illumina NovaSeq 6000,Herring_772,PAIRED,Clupea pallasii,ILLUMINA,Herring_772,NA,individual,not determined,Herring772,2011,Atlantic Ocean:Balsfjord,NA,NA,69.27 N 19.28 E,NA,modern,NA
SRR23440868,1470227506,SAMN33225866,SRX19353361,Illumina NovaSeq 6000,Herring_773,PAIRED,Clupea pallasii,ILLUMINA,Herring_773,NA,individual,not determined,Herring773,2011,Atlantic Ocean:Balsfjord,NA,NA,69.27 N 19.28 E,NA,modern,NA
SRR23440867,2358283572,SAMN33225867,SRX19353362,Illumina NovaSeq 6000,Herring_774,PAIRED,Clupea pallasii,ILLUMINA,Herring_774,NA,individual,not determined,Herring774,2011,Atlantic Ocean:Balsfjord,NA,NA,69.27 N 19.28 E,NA,modern,NA
SRR23440866,2031247168,SAMN33225868,SRX19353363,Illumina NovaSeq 6000,Herring_775,PAIRED,Clupea pallasii,ILLUMINA,Herring_775,NA,individual,not determined,Herring775,2011,Atlantic Ocean:Balsfjord,NA,NA,69.27 N 19.28 E,NA,modern,NA
SRR23440865,2560077556,SAMN33225869,SRX19353364,Illumina NovaSeq 6000,Herring_776,PAIRED,Clupea pallasii,ILLUMINA,Herring_776,NA,individual,not determined,Herring776,2011,Atlantic Ocean:Balsfjord,NA,NA,69.27 N 19.28 E,NA,modern,NA
SRR23440864,1365256232,SAMN33225870,SRX19353365,Illumina NovaSeq 6000,Herring_777,PAIRED,Clupea pallasii,ILLUMINA,Herring_777,NA,individual,not determined,Herring777,2011,Atlantic Ocean:Balsfjord,NA,NA,69.27 N 19.28 E,NA,modern,NA
SRR23440863,2090687110,SAMN33225871,SRX19353366,Illumina NovaSeq 6000,Herring_778,PAIRED,Clupea pallasii,ILLUMINA,Herring_778,NA,individual,not determined,Herring778,2011,Atlantic Ocean:Balsfjord,NA,NA,69.27 N 19.28 E,NA,modern,NA
SRR23440862,2035651234,SAMN33225872,SRX19353367,Illumina NovaSeq 6000,Herring_779,PAIRED,Clupea pallasii,ILLUMINA,Herring_779,NA,individual,not determined,Herring779,2011,Atlantic Ocean:Balsfjord,NA,NA,69.27 N 19.28 E,NA,modern,NA
SRR23440861,2892132294,SAMN33225873,SRX19353368,Illumina NovaSeq 6000,Herring_780,PAIRED,Clupea pallasii,ILLUMINA,Herring_780,NA,individual,not determined,Herring780,2011,Atlantic Ocean:Balsfjord,NA,NA,69.27 N 19.28 E,NA,modern,NA
SRR23440860,950096530,SAMN33225874,SRX19353369,Illumina NovaSeq 6000,Herring_781,PAIRED,Clupea pallasii,ILLUMINA,Herring_781,NA,individual,not determined,Herring781,2011,Atlantic Ocean:Balsfjord,NA,NA,69.27 N 19.28 E,NA,modern,NA
SRR23440859,1610908468,SAMN33225875,SRX19353370,Illumina NovaSeq 6000,Herring_782,PAIRED,Clupea pallasii,ILLUMINA,Herring_782,NA,individual,not determined,Herring782,2011,Atlantic Ocean:Balsfjord,NA,NA,69.27 N 19.28 E,NA,modern,NA
SRR23440857,532924602,SAMN33225876,SRX19353372,Illumina NovaSeq 6000,Herring_783,PAIRED,Clupea pallasii,ILLUMINA,Herring_783,NA,individual,not determined,Herring783,2011,Atlantic Ocean:Balsfjord,NA,NA,69.27 N 19.28 E,NA,modern,NA
SRR23440856,1661744430,SAMN33225877,SRX19353373,Illumina NovaSeq 6000,Herring_784,PAIRED,Clupea pallasii,ILLUMINA,Herring_784,NA,individual,not determined,Herring784,2011,Atlantic Ocean:Balsfjord,NA,NA,69.27 N 19.28 E,NA,modern,NA
SRR23440855,1424137474,SAMN33225878,SRX19353374,Illumina NovaSeq 6000,Herring_785,PAIRED,Clupea pallasii,ILLUMINA,Herring_785,NA,individual,not determined,Herring785,2011,Atlantic Ocean:Balsfjord,NA,NA,69.27 N 19.28 E,NA,modern,NA
SRR23440854,1883338440,SAMN33225879,SRX19353375,Illumina NovaSeq 6000,Herring_786,PAIRED,Clupea pallasii,ILLUMINA,Herring_786,NA,individual,not determined,Herring786,2011,Atlantic Ocean:Balsfjord,NA,NA,69.27 N 19.28 E,NA,modern,NA
SRR23440853,2601382700,SAMN33225880,SRX19353376,Illumina NovaSeq 6000,Herring_787,PAIRED,Clupea pallasii,ILLUMINA,Herring_787,NA,individual,not determined,Herring787,2011,Atlantic Ocean:Balsfjord,NA,NA,69.27 N 19.28 E,NA,modern,NA
SRR23440852,1777581060,SAMN33225881,SRX19353377,Illumina NovaSeq 6000,Herring_788,PAIRED,Clupea pallasii,ILLUMINA,Herring_788,NA,individual,not determined,Herring788,2011,Atlantic Ocean:Balsfjord,NA,NA,69.27 N 19.28 E,NA,modern,NA
SRR23440851,2151410854,SAMN33225882,SRX19353378,Illumina NovaSeq 6000,Herring_789,PAIRED,Clupea pallasii,ILLUMINA,Herring_789,NA,individual,not determined,Herring789,2011,Atlantic Ocean:Balsfjord,NA,NA,69.27 N 19.28 E,NA,modern,NA
SRR23440850,1507097780,SAMN33225883,SRX19353379,Illumina NovaSeq 6000,Herring_790,PAIRED,Clupea pallasii,ILLUMINA,Herring_790,NA,individual,not determined,Herring790,2011,Atlantic Ocean:Balsfjord,NA,NA,69.27 N 19.28 E,NA,modern,NA
SRR23440849,1471620028,SAMN33225884,SRX19353380,Illumina NovaSeq 6000,Herring_791,PAIRED,Clupea pallasii,ILLUMINA,Herring_791,NA,individual,not determined,Herring791,2011,Atlantic Ocean:Balsfjord,NA,NA,69.27 N 19.28 E,NA,modern,NA
SRR23440848,2464004712,SAMN33225885,SRX19353381,Illumina NovaSeq 6000,Herring_792,PAIRED,Clupea pallasii,ILLUMINA,Herring_792,NA,individual,not determined,Herring792,2011,Atlantic Ocean:Balsfjord,NA,NA,69.27 N 19.28 E,NA,modern,NA
SRR23440846,2350243124,SAMN33225886,SRX19353383,Illumina NovaSeq 6000,Herring_793,PAIRED,Clupea pallasii,ILLUMINA,Herring_793,NA,individual,not determined,Herring793,2011,Atlantic Ocean:Balsfjord,NA,NA,69.27 N 19.28 E,NA,modern,NA
SRR12106919,67771541355,SAMN15398060,SRX8631083,Illumina NovaSeq 6000,HGS1_Riga_Baltic_Spring_rg1,PAIRED,Clupea harengus,ILLUMINA,HGS1_Riga,SRP269168,pool,not applicable,HGS1,2014,Gulf of Riga,58.34,24.62,NA,spring,modern,96
SRR12106891,33996966359,SAMN15398081,SRX8631111,Illumina NovaSeq 6000,HGS10_Downs_EnglishChannel_Winter_rg1,PAIRED,Clupea harengus,ILLUMINA,HGS10_Downs,SRP269168,pool,not applicable,HGS10,2016,Downs,51.34,1.90,NA,winter,modern,55
SRR12106907,32402950862,SAMN15398071,SRX8631095,Illumina NovaSeq 6000,HGS11_RingkobingFjord_NorthSea_Spring_rg1,PAIRED,Clupea harengus,ILLUMINA,HGS11_RingkobingFjord,SRP269168,pool,not applicable,HGS11,2009,Ringkobing Fjord,56.02,8.19,NA,spring,modern,40
SRR12106911,30039395880,SAMN15398068,SRX8631091,Illumina NovaSeq 6000,HGS12_BornholmBasin_Baltic_Autumn_rg1,PAIRED,Clupea harengus,ILLUMINA,HGS12_BornholmBasin,SRP269168,pool,not applicable,HGS12,2016,Bornholm Basin,55.30,15.22,NA,autumn,modern,45
SRR12106889,45936621868,SAMN15398083,SRX8631113,Illumina NovaSeq 6000,HGS15_NSSH_Atlantic_Spring_rg1,PAIRED,Clupea harengus,ILLUMINA,HGS15_NSSH,SRP269168,pool,not applicable,HGS15,2017,Norway,67.46,9.47,NA,spring,modern,43
SRR12106878,2829473636,SAMN15398088,SRX8631124,Illumina NovaSeq 6000,HGS16_Orkney_NorthSea_Autumn_rg3,PAIRED,Clupea harengus,ILLUMINA,HGS16_Orkney,SRP269168,pool,not applicable,HGS16,2015,Orkney,59.00,-2.00,NA,autumn,modern,49
SRR12106879,2854402830,SAMN15398088,SRX8631123,Illumina NovaSeq 6000,HGS16_Orkney_NorthSea_Autumn_rg2,PAIRED,Clupea harengus,ILLUMINA,HGS16_Orkney,SRP269168,pool,not applicable,HGS16,2015,Orkney,59.00,-2.00,NA,autumn,modern,49
SRR12106880,27330086242,SAMN15398088,SRX8631122,Illumina NovaSeq 6000,HGS16_Orkney_NorthSea_Autumn_rg1,PAIRED,Clupea harengus,ILLUMINA,HGS16_Orkney,SRP269168,pool,not applicable,HGS16,2015,Orkney,59.00,-2.00,NA,autumn,modern,49
SRR12106895,43977608237,SAMN15398079,SRX8631107,Illumina NovaSeq 6000,HGS17_IsleOfMan_IrishSea_Autumn_rg1,PAIRED,Clupea harengus,ILLUMINA,HGS17_IsleOfMan,SRP269168,pool,not applicable,HGS17,2015,Isle of Man,54.06,-4.37,NA,autumn,modern,50
SRR12106881,29289455092,SAMN15398087,SRX8631121,Illumina NovaSeq 6000,HGS18_CelticSea_Atlantic_AutumnWinter_rg1,PAIRED,Clupea harengus,ILLUMINA,HGS18_CelticSea,SRP269168,pool,not applicable,HGS18,2015,Celtic Sea,51.59,-6.51,NA,winter,modern,50
SRR12106892,8282786994,SAMN15398080,SRX8631110,Illumina NovaSeq 6000,HGS19_TeelinBay_Atlantic_Winter_rg3,PAIRED,Clupea harengus,ILLUMINA,HGS19_TeelinBay,SRP269168,pool,not applicable,HGS19,2016,Teelin Bay,54.63,-8.63,NA,winter,modern,47
SRR12106893,8398240084,SAMN15398080,SRX8631109,Illumina NovaSeq 6000,HGS19_TeelinBay_Atlantic_Winter_rg2,PAIRED,Clupea harengus,ILLUMINA,HGS19_TeelinBay,SRP269168,pool,not applicable,HGS19,2016,Teelin Bay,54.63,-8.63,NA,winter,modern,47
SRR12106894,20274964186,SAMN15398080,SRX8631108,Illumina NovaSeq 6000,HGS19_TeelinBay_Atlantic_Winter_rg1,PAIRED,Clupea harengus,ILLUMINA,HGS19_TeelinBay,SRP269168,pool,not applicable,HGS19,2016,Teelin Bay,54.63,-8.63,NA,winter,modern,47
SRR12106918,60709814434,SAMN15398061,SRX8631084,Illumina NovaSeq 6000,HGS2_Riga_Baltic_Spring_rg1,PAIRED,Clupea harengus,ILLUMINA,HGS2_Riga,SRP269168,pool,not applicable,HGS2,2016,Gulf of Riga,58.34,24.62,NA,spring,modern,100
SRR12106887,30168411738,SAMN15398084,SRX8631115,Illumina NovaSeq 6000,HGS20_CapeWrath_Atlantic_Spring_rg1,PAIRED,Clupea harengus,ILLUMINA,HGS20_CapeWrath,SRP269168,pool,not applicable,HGS20,2004,Isle of Skye,57.41,-6.13,NA,spring,modern,50
SRR12106882,5878488890,SAMN15398086,SRX8631120,Illumina NovaSeq 6000,HGS21_Hebrides_Atlantic_Mixed_rg3,PAIRED,Clupea harengus,ILLUMINA,HGS21_Hebrides,SRP269168,pool,not applicable,HGS21,2016,West of Hebrides,58.17,-7.23,NA,mixed,modern,50
SRR12106883,5934526802,SAMN15398086,SRX8631119,Illumina NovaSeq 6000,HGS21_Hebrides_Atlantic_Mixed_rg2,PAIRED,Clupea harengus,ILLUMINA,HGS21_Hebrides,SRP269168,pool,not applicable,HGS21,2016,West of Hebrides,58.17,-7.23,NA,mixed,modern,50
SRR12106884,25570846152,SAMN15398086,SRX8631118,Illumina NovaSeq 6000,HGS21_Hebrides_Atlantic_Mixed_rg1,PAIRED,Clupea harengus,ILLUMINA,HGS21_Hebrides,SRP269168,pool,not applicable,HGS21,2016,West of Hebrides,58.17,-7.23,NA,mixed,modern,50
SRR12106874,3491254994,SAMN15398089,SRX8631128,Illumina NovaSeq 6000,HGS22_CapeWrath_Atlantic_Autumn_rg3,PAIRED,Clupea harengus,ILLUMINA,HGS22_CapeWrath,SRP269168,pool,not applicable,HGS22,2015,Cape Wrath,58.61,-4.37,NA,autumn,modern,49
SRR12106875,3534434048,SAMN15398089,SRX8631127,Illumina NovaSeq 6000,HGS22_CapeWrath_Atlantic_Autumn_rg2,PAIRED,Clupea harengus,ILLUMINA,HGS22_CapeWrath,SRP269168,pool,not applicable,HGS22,2015,Cape Wrath,58.61,-4.37,NA,autumn,modern,49
SRR12106876,28069268280,SAMN15398089,SRX8631126,Illumina NovaSeq 6000,HGS22_CapeWrath_Atlantic_Autumn_rg1,PAIRED,Clupea harengus,ILLUMINA,HGS22_CapeWrath,SRP269168,pool,not applicable,HGS22,2015,Cape Wrath,58.61,-4.37,NA,autumn,modern,49
SRR12106896,38442047857,SAMN15398078,SRX8631106,Illumina NovaSeq 6000,HGS23_Clyde_Atlantic_Spring_rg1,PAIRED,Clupea harengus,ILLUMINA,HGS23_Clyde,SRP269168,pool,not applicable,HGS23,2003,Clyde,55.14,-5.04,NA,spring,modern,39
SRR12106905,19440089716,SAMN15398072,SRX8631097,Illumina NovaSeq 6000,HGS24_Landvik_Atlantic_Spring_rg2,PAIRED,Clupea harengus,ILLUMINA,HGS24_Landvik,SRP269168,pool,not applicable,HGS24,2015,Landvik,58.32,8.50,NA,spring,modern,40
SRR12106906,19713872346,SAMN15398072,SRX8631096,Illumina NovaSeq 6000,HGS24_Landvik_Atlantic_Spring_rg1,PAIRED,Clupea harengus,ILLUMINA,HGS24_Landvik,SRP269168,pool,not applicable,HGS24,2015,Landvik,58.32,8.50,NA,spring,modern,40
SRR12106900,21871062876,SAMN15398076,SRX8631102,Illumina NovaSeq 6000,HGS25_Lindas_Atlantic_Spring_rg2,PAIRED,Clupea harengus,ILLUMINA,HGS25_Lindas,SRP269168,pool,not applicable,HGS25,2010,Lindas,60.73,5.13,NA,spring,modern,50
SRR12106901,21992444830,SAMN15398076,SRX8631101,Illumina NovaSeq 6000,HGS25_Lindas_Atlantic_Spring_rg1,PAIRED,Clupea harengus,ILLUMINA,HGS25_Lindas,SRP269168,pool,not applicable,HGS25,2010,Lindas,60.73,5.13,NA,spring,modern,50
SRR12106897,16848853914,SAMN15398077,SRX8631105,Illumina NovaSeq 6000,HGS26_Lusterfjorden_Atlantic_Spring_rg2,PAIRED,Clupea harengus,ILLUMINA,HGS26_Lusterfjorden,SRP269168,pool,not applicable,HGS26,2011,Lusterfjorden,61.48,7.58,NA,spring,modern,50
SRR12106898,17203047970,SAMN15398077,SRX8631104,Illumina NovaSeq 6000,HGS26_Lusterfjorden_Atlantic_Spring_rg1,PAIRED,Clupea harengus,ILLUMINA,HGS26_Lusterfjorden,SRP269168,pool,not applicable,HGS26,2011,Lusterfjorden,61.48,7.58,NA,spring,modern,50
SRR12106885,23197946384,SAMN15398085,SRX8631117,Illumina NovaSeq 6000,HGS27_Gloppen_Atlantic_Spring_rg2,PAIRED,Clupea harengus,ILLUMINA,HGS27_Gloppen,SRP269168,pool,not applicable,HGS27,2012,Gloppen,61.77,6.16,NA,spring,modern,50
SRR12106886,23365068050,SAMN15398085,SRX8631116,Illumina NovaSeq 6000,HGS27_Gloppen_Atlantic_Spring_rg1,PAIRED,Clupea harengus,ILLUMINA,HGS27_Gloppen,SRP269168,pool,not applicable,HGS27,2012,Gloppen,61.77,6.16,NA,spring,modern,50
SRR12106917,65763320330,SAMN15398062,SRX8631085,Illumina NovaSeq 6000,HGS3_Riga_Baltic_Autumn_rg1,PAIRED,Clupea harengus,ILLUMINA,HGS3_Riga,SRP269168,pool,not applicable,HGS3,2014,Gulf of Riga,58.10,23.92,NA,autumn,modern,96
SRR12106916,67118867647,SAMN15398063,SRX8631086,Illumina NovaSeq 6000,HGS4_Riga_Baltic_Autumn_rg1,PAIRED,Clupea harengus,ILLUMINA,HGS4_Riga,SRP269168,pool,not applicable,HGS4,2015,Gulf of Riga,58.10,23.92,NA,autumn,modern,99
SRR12106908,38347042048,SAMN15398070,SRX8631094,Illumina NovaSeq 6000,HGS5_Schlei_Baltic_Autumn_rg1,PAIRED,Clupea harengus,ILLUMINA,HGS5_Schlei,SRP269168,pool,not applicable,HGS5,2010,Schlei,54.60,9.76,NA,autumn,modern,89
SRR12106909,44314678868,SAMN15398069,SRX8631093,Illumina NovaSeq 6000,HGS6_Schlei_Baltic_Spring_rg1,PAIRED,Clupea harengus,ILLUMINA,HGS6_Schlei,SRP269168,pool,not applicable,HGS6,2010,Schlei,54.60,9.76,NA,autumn,modern,89
SRR12106915,34967672609,SAMN15398064,SRX8631087,Illumina NovaSeq 6000,HGS71_Rugen_Baltic_Spring_rg1,PAIRED,Clupea harengus,ILLUMINA,HGS71_Rugen,SRP269168,pool,not applicable,HGS71,2009,Rugen,54.14,13.47,NA,spring,modern,40
SRR12106914,58638188916,SAMN15398065,SRX8631088,Illumina NovaSeq 6000,HGS72_Rugen_Baltic_Spring_rg1,PAIRED,Clupea harengus,ILLUMINA,HGS72_Rugen,SRP269168,pool,not applicable,HGS72,2003,Rugen,54.14,13.47,NA,spring,modern,40
SRR12106902,56006550421,SAMN15398075,SRX8631100,Illumina NovaSeq 6000,HGS8_KattegatNorth_Atlantic_Spring_rg1,PAIRED,Clupea harengus,ILLUMINA,HGS8_KattegatNorth,SRP269168,pool,not applicable,HGS8,2009,Kattegat North,57.40,11.40,NA,spring,modern,41
SRR12106890,33642323614,SAMN15398082,SRX8631112,Illumina NovaSeq 6000,HGS9_Greenland_Atlantic_Spring_rg1,PAIRED,Clupea harengus,ILLUMINA,HGS9_Greenland,SRP269168,pool,not applicable,HGS9,2016,Greenland,60.78,-47.15,NA,spring,modern,38
SRR15068292,59430240740,SAMN20114606,SRX11378417,Illumina NovaSeq 6000,HWS-1_rg1,PAIRED,Clupea pallasii,ILLUMINA,HWS-1,NA,pool,not determined,HWS1,2005,Pacific Ocean:Sea of Japan,NA,NA,48.40 N 141.94 E,NA,modern,NA
SRR15068301,31513045566,SAMN20114597,SRX11378408,Illumina NovaSeq 6000,HWS-11_rg1,PAIRED,Clupea pallasii,ILLUMINA,HWS-11,NA,individual,not determined,HWS11,2005,Pacific Ocean:Sea of Japan,NA,NA,48.40 N 141.94 E,NA,modern,NA
SRR15068300,45529916224,SAMN20114598,SRX11378409,Illumina NovaSeq 6000,HWS-12_rg1,PAIRED,Clupea pallasii,ILLUMINA,HWS-12,NA,individual,not determined,HWS12,2005,Pacific Ocean:Sea of Japan,NA,NA,48.40 N 141.94 E,NA,modern,NA
SRR15068299,38892704580,SAMN20114599,SRX11378410,Illumina NovaSeq 6000,HWS-13_rg1,PAIRED,Clupea pallasii,ILLUMINA,HWS-13,NA,individual,not determined,HWS13,2005,Pacific Ocean:Sea of Japan,NA,NA,48.40 N 141.94 E,NA,modern,NA
SRR15068298,48135311900,SAMN20114600,SRX11378411,Illumina NovaSeq 6000,HWS-14_rg1,PAIRED,Clupea pallasii,ILLUMINA,HWS-14,NA,individual,not determined,HWS14,2005,Pacific Ocean:Sea of Japan,NA,NA,48.40 N 141.94 E,NA,modern,NA
SRR15068293,44947957326,SAMN20114605,SRX11378416,Illumina NovaSeq 6000,HWS-2_rg1,PAIRED,Clupea pallasii,ILLUMINA,HWS-2,NA,pool,not determined,HWS2,2010,Arctic Ocean:Pechora Sea,NA,NA,67.78 N 45.99 E,NA,modern,NA
SRR15068306,42733936804,SAMN20114593,SRX11378403,Illumina NovaSeq 6000,HWS-21_rg1,PAIRED,Clupea pallasii,ILLUMINA,HWS-21,NA,individual,not determined,HWS21,2010,Arctic Ocean:Pechora Sea,NA,NA,67.78 N 45.99 E,NA,modern,NA
SRR15068305,48328449054,SAMN20114594,SRX11378404,Illumina NovaSeq 6000,HWS-22_rg1,PAIRED,Clupea pallasii,ILLUMINA,HWS-22,NA,individual,not determined,HWS22,2010,Arctic Ocean:Pechora Sea,NA,NA,67.78 N 45.99 E,NA,modern,NA
SRR15068304,41744594166,SAMN20114595,SRX11378405,Illumina NovaSeq 6000,HWS-23_rg1,PAIRED,Clupea pallasii,ILLUMINA,HWS-23,NA,individual,not determined,HWS23,2010,Arctic Ocean:Pechora Sea,NA,NA,67.78 N 45.99 E,NA,modern,NA
SRR15068303,36530416488,SAMN20114596,SRX11378406,Illumina NovaSeq 6000,HWS-24_rg1,PAIRED,Clupea pallasii,ILLUMINA,HWS-24,NA,individual,not determined,HWS24,2010,Arctic Ocean:Pechora Sea,NA,NA,67.78 N 45.99 E,NA,modern,NA
SRR15068294,43829105362,SAMN20114604,SRX11378415,Illumina NovaSeq 6000,HWS-3_rg1,PAIRED,Clupea pallasii,ILLUMINA,HWS-3,NA,pool,not determined,HWS3,2010,Arctic Ocean:White Sea,NA,NA,64.00 N 37.90 E,NA,modern,NA
SRR15068310,51672442506,SAMN20114589,SRX11378399,Illumina NovaSeq 6000,HWS-31_rg1,PAIRED,Clupea pallasii,ILLUMINA,HWS-31,NA,individual,not determined,HWS31,2010,Arctic Ocean:White Sea,NA,NA,64.00 N 37.90 E,NA,modern,NA
SRR15068309,40505994620,SAMN20114590,SRX11378400,Illumina NovaSeq 6000,HWS-32_rg1,PAIRED,Clupea pallasii,ILLUMINA,HWS-32,NA,individual,not determined,HWS32,2010,Arctic Ocean:White Sea,NA,NA,64.00 N 37.90 E,NA,modern,NA
SRR15068308,53505098098,SAMN20114591,SRX11378401,Illumina NovaSeq 6000,HWS-33_rg1,PAIRED,Clupea pallasii,ILLUMINA,HWS-33,NA,individual,not determined,HWS33,2010,Arctic Ocean:White Sea,NA,NA,64.00 N 37.90 E,NA,modern,NA
SRR15068307,46944814008,SAMN20114592,SRX11378402,Illumina NovaSeq 6000,HWS-34_rg1,PAIRED,Clupea pallasii,ILLUMINA,HWS-34,NA,individual,not determined,HWS34,2010,Arctic Ocean:White Sea,NA,NA,64.00 N 37.90 E,NA,modern,NA
SRR15068296,41630317351,SAMN20114602,SRX11378413,Illumina NovaSeq 6000,HWS-4_rg1,PAIRED,Clupea pallasii,ILLUMINA,HWS-4,NA,pool,not determined,HWS4,2010,Arctic Ocean:White Sea:Kandalaksha Bay,NA,NA,67.04 N 32.55 E,NA,modern,NA
SRR15068290,52573709562,SAMN20114581,SRX11378419,Illumina NovaSeq 6000,HWS-41_rg1,PAIRED,Clupea pallasii,ILLUMINA,HWS-41,NA,individual,not determined,HWS41,2010,Arctic Ocean:White Sea:Kandalaksha Bay,NA,NA,67.04 N 32.55 E,NA,modern,NA
SRR15068289,49870903786,SAMN20114582,SRX11378420,Illumina NovaSeq 6000,HWS-42_rg1,PAIRED,Clupea pallasii,ILLUMINA,HWS-42,NA,individual,not determined,HWS42,2010,Arctic Ocean:White Sea:Kandalaksha Bay,NA,NA,67.04 N 32.55 E,NA,modern,NA
SRR15068288,46699653126,SAMN20114583,SRX11378421,Illumina NovaSeq 6000,HWS-43_rg1,PAIRED,Clupea pallasii,ILLUMINA,HWS-43,NA,individual,not determined,HWS43,2010,Arctic Ocean:White Sea:Kandalaksha Bay,NA,NA,67.04 N 32.55 E,NA,modern,NA
SRR15068287,52295259522,SAMN20114584,SRX11378422,Illumina NovaSeq 6000,HWS-44_rg1,PAIRED,Clupea pallasii,ILLUMINA,HWS-44,NA,individual,not determined,HWS44,2010,Arctic Ocean:White Sea:Kandalaksha Bay,NA,NA,67.04 N 32.55 E,NA,modern,NA
SRR15068295,47096821011,SAMN20114603,SRX11378414,Illumina NovaSeq 6000,HWS-5_rg1,PAIRED,Clupea pallasii,ILLUMINA,HWS-5,NA,pool,not determined,HWS5,2010,Arctic Ocean:White Sea:Kandalaksha Bay,NA,NA,66.65 N 34.25 E,NA,modern,NA
SRR15068286,54441943774,SAMN20114585,SRX11378423,Illumina NovaSeq 6000,HWS-51_rg1,PAIRED,Clupea pallasii,ILLUMINA,HWS-51,NA,individual,not determined,HWS51,2010,Arctic Ocean:White Sea:Kandalaksha Bay,NA,NA,66.65 N 34.25 E,NA,modern,NA
SRR15068285,44819647558,SAMN20114586,SRX11378424,Illumina NovaSeq 6000,HWS-52_rg1,PAIRED,Clupea pallasii,ILLUMINA,HWS-52,NA,individual,not determined,HWS52,2010,Arctic Ocean:White Sea:Kandalaksha Bay,NA,NA,66.65 N 34.25 E,NA,modern,NA
SRR15068312,46834512736,SAMN20114587,SRX11378397,Illumina NovaSeq 6000,HWS-53_rg1,PAIRED,Clupea pallasii,ILLUMINA,HWS-53,NA,individual,not determined,HWS53,2010,Arctic Ocean:White Sea:Kandalaksha Bay,NA,NA,66.65 N 34.25 E,NA,modern,NA
SRR15068311,54311561314,SAMN20114588,SRX11378398,Illumina NovaSeq 6000,HWS-54_rg1,PAIRED,Clupea pallasii,ILLUMINA,HWS-54,NA,individual,not determined,HWS54,2010,Arctic Ocean:White Sea:Kandalaksha Bay,NA,NA,66.65 N 34.25 E,NA,modern,NA
SRR15068297,49407736711,SAMN20114601,SRX11378412,Illumina NovaSeq 6000,HWS-6_rg1,PAIRED,Clupea pallasii,ILLUMINA,HWS-6,NA,pool,not determined,HWS6,2011,Atlantic Ocean:Balsfjord,NA,NA,69.27 N 19.28 E,NA,modern,NA
SRR15068314,43131554232,SAMN20114577,SRX11378395,Illumina NovaSeq 6000,HWS-61_rg1,PAIRED,Clupea pallasii,ILLUMINA,HWS-61,NA,individual,not determined,HWS61,2011,Atlantic Ocean:Balsfjord,NA,NA,69.27 N 19.28 E,NA,modern,NA
SRR15068313,46611677808,SAMN20114578,SRX11378396,Illumina NovaSeq 6000,HWS-62_rg1,PAIRED,Clupea pallasii,ILLUMINA,HWS-62,NA,individual,not determined,HWS62,2011,Atlantic Ocean:Balsfjord,NA,NA,69.27 N 19.28 E,NA,modern,NA
SRR15068302,48706084954,SAMN20114579,SRX11378407,Illumina NovaSeq 6000,HWS-63_rg1,PAIRED,Clupea pallasii,ILLUMINA,HWS-63,NA,individual,not determined,HWS63,2011,Atlantic Ocean:Balsfjord,NA,NA,69.27 N 19.28 E,NA,modern,NA
SRR15068291,50120906634,SAMN20114580,SRX11378418,Illumina NovaSeq 6000,HWS-64_rg1,PAIRED,Clupea pallasii,ILLUMINA,HWS-64,NA,individual,not determined,HWS64,2011,Atlantic Ocean:Balsfjord,NA,NA,69.27 N 19.28 E,NA,modern,NA
SRR12106904,30075386610,SAMN15398073,SRX8631098,Illumina NovaSeq 6000,LandvikS17_Norway_Baltic_Spring_rg1,PAIRED,Clupea harengus,ILLUMINA,LandvikS17,SRP269168,pool,not applicable,LandvikS17,2015,Landvik,58.32,8.50,NA,spring,modern,38
SRR12106903,20146192590,SAMN15398074,SRX8631099,Illumina NovaSeq 6000,LandvikS32_Norway_Baltic_Spring_rg1,PAIRED,Clupea harengus,ILLUMINA,LandvikS32,SRP269168,pool,not applicable,LandvikS32,NA,Landvik,58.32,8.50,NA,spring,modern,NA
SRR24138698,4381510425,SAMN34152190,SRX19937279,Illumina HiSeq 2000,N_NorthSea_Atlantic_Autumn_rg9,PAIRED,Clupea harengus,ILLUMINA,N_NorthSea_Atlantic_Autumn,SRP269168,pool,pooled male and female,NorthSea,1979,Norway,NA,NA,58.06 N 6.1 E,autumn,modern,49
SRR24138699,2738330360,SAMN34152190,SRX19937278,Illumina HiSeq 2000,N_NorthSea_Atlantic_Autumn_rg8,PAIRED,Clupea harengus,ILLUMINA,N_NorthSea_Atlantic_Autumn,SRP269168,pool,pooled male and female,NorthSea,1979,Norway,NA,NA,58.06 N 6.1 E,autumn,modern,49
SRR24138700,2540765550,SAMN34152190,SRX19937277,Illumina HiSeq 2000,N_NorthSea_Atlantic_Autumn_rg7,PAIRED,Clupea harengus,ILLUMINA,N_NorthSea_Atlantic_Autumn,SRP269168,pool,pooled male and female,NorthSea,1979,Norway,NA,NA,58.06 N 6.1 E,autumn,modern,49
SRR24138701,4707681575,SAMN34152190,SRX19937276,Illumina HiSeq 2000,N_NorthSea_Atlantic_Autumn_rg6,PAIRED,Clupea harengus,ILLUMINA,N_NorthSea_Atlantic_Autumn,SRP269168,pool,pooled male and female,NorthSea,1979,Norway,NA,NA,58.06 N 6.1 E,autumn,modern,49
SRR24138702,2823942301,SAMN34152190,SRX19937275,Illumina HiSeq 2000,N_NorthSea_Atlantic_Autumn_rg5,PAIRED,Clupea harengus,ILLUMINA,N_NorthSea_Atlantic_Autumn,SRP269168,pool,pooled male and female,NorthSea,1979,Norway,NA,NA,58.06 N 6.1 E,autumn,modern,49
SRR24138703,2507127338,SAMN34152190,SRX19937274,Illumina HiSeq 2000,N_NorthSea_Atlantic_Autumn_rg4,PAIRED,Clupea harengus,ILLUMINA,N_NorthSea_Atlantic_Autumn,SRP269168,pool,pooled male and female,NorthSea,1979,Norway,NA,NA,58.06 N 6.1 E,autumn,modern,49
SRR24138705,4504694618,SAMN34152190,SRX19937272,Illumina HiSeq 2000,N_NorthSea_Atlantic_Autumn_rg3,PAIRED,Clupea harengus,ILLUMINA,N_NorthSea_Atlantic_Autumn,SRP269168,pool,pooled male and female,NorthSea,1979,Norway,NA,NA,58.06 N 6.1 E,autumn,modern,49
SRR24138706,2803596171,SAMN34152190,SRX19937271,Illumina HiSeq 2000,N_NorthSea_Atlantic_Autumn_rg2,PAIRED,Clupea harengus,ILLUMINA,N_NorthSea_Atlantic_Autumn,SRP269168,pool,pooled male and female,NorthSea,1979,Norway,NA,NA,58.06 N 6.1 E,autumn,modern,49
SRR24138707,2493727859,SAMN34152190,SRX19937270,Illumina HiSeq 2000,N_NorthSea_Atlantic_Autumn_rg1,PAIRED,Clupea harengus,ILLUMINA,N_NorthSea_Atlantic_Autumn,SRP269168,pool,pooled male and female,NorthSea,1979,Norway,NA,NA,58.06 N 6.1 E,autumn,modern,49
SRR24138708,2605962420,SAMN34152190,SRX19937269,Illumina HiSeq 2000,N_NorthSea_Atlantic_Autumn_rg16,PAIRED,Clupea harengus,ILLUMINA,N_NorthSea_Atlantic_Autumn,SRP269168,pool,pooled male and female,NorthSea,1979,Norway,NA,NA,58.06 N 6.1 E,autumn,modern,49
SRR24138709,5363094650,SAMN34152190,SRX19937268,Illumina HiSeq 2000,N_NorthSea_Atlantic_Autumn_rg15,PAIRED,Clupea harengus,ILLUMINA,N_NorthSea_Atlantic_Autumn,SRP269168,pool,pooled male and female,NorthSea,1979,Norway,NA,NA,58.06 N 6.1 E,autumn,modern,49
SRR24138710,2587988525,SAMN34152190,SRX19937267,Illumina HiSeq 2000,N_NorthSea_Atlantic_Autumn_rg14,PAIRED,Clupea harengus,ILLUMINA,N_NorthSea_Atlantic_Autumn,SRP269168,pool,pooled male and female,NorthSea,1979,Norway,NA,NA,58.06 N 6.1 E,autumn,modern,49
SRR24138711,4620133334,SAMN34152190,SRX19937266,Illumina HiSeq 2000,N_NorthSea_Atlantic_Autumn_rg13,PAIRED,Clupea harengus,ILLUMINA,N_NorthSea_Atlantic_Autumn,SRP269168,pool,pooled male and female,NorthSea,1979,Norway,NA,NA,58.06 N 6.1 E,autumn,modern,49
SRR24138712,2492176004,SAMN34152190,SRX19937265,Illumina HiSeq 2000,N_NorthSea_Atlantic_Autumn_rg12,PAIRED,Clupea harengus,ILLUMINA,N_NorthSea_Atlantic_Autumn,SRP269168,pool,pooled male and female,NorthSea,1979,Norway,NA,NA,58.06 N 6.1 E,autumn,modern,49
SRR24138713,4391556113,SAMN34152190,SRX19937264,Illumina HiSeq 2000,N_NorthSea_Atlantic_Autumn_rg11,PAIRED,Clupea harengus,ILLUMINA,N_NorthSea_Atlantic_Autumn,SRP269168,pool,pooled male and female,NorthSea,1979,Norway,NA,NA,58.06 N 6.1 E,autumn,modern,49
SRR24138714,2464119274,SAMN34152190,SRX19937263,Illumina HiSeq 2000,N_NorthSea_Atlantic_Autumn_rg10,PAIRED,Clupea harengus,ILLUMINA,N_NorthSea_Atlantic_Autumn,SRP269168,pool,pooled male and female,NorthSea,1979,Norway,NA,NA,58.06 N 6.1 E,autumn,modern,49
SRR12106949,15977515250,SAMN15398042,SRX8631053,Illumina NovaSeq 6000,NorthSea13_NorthSea_Atlantic_Autumn_rg1,PAIRED,Clupea harengus,ILLUMINA,NorthSea13,NA,individual,not determined,NorthSea13,NA,NA,N58°06′,E6°10′,NA,NA,modern,NA
SRR12106948,15882116750,SAMN15398043,SRX8631054,Illumina NovaSeq 6000,NorthSea19_NorthSea_Atlantic_Autumn_rg1,PAIRED,Clupea harengus,ILLUMINA,NorthSea19,NA,individual,not determined,NorthSea19,NA,NA,N58°06′,E6°10′,NA,NA,modern,NA
SRR12106947,15850303000,SAMN15398044,SRX8631055,Illumina NovaSeq 6000,NorthSea34_NorthSea_Atlantic_Autumn_rg1,PAIRED,Clupea harengus,ILLUMINA,NorthSea34,NA,individual,not determined,NorthSea34,NA,NA,N58°06′,E6°10′,NA,NA,modern,NA
SRR12106955,5217257172,SAMN15398039,SRX8631047,Illumina NovaSeq 6000,NSSH33_Norway_Atlantic_Spring_rg2,PAIRED,Clupea harengus,ILLUMINA,NSSH33,NA,individual,not determined,NSSH33,NA,NA,N67° 46',E9°47',NA,NA,modern,NA
SRR12106956,5257692556,SAMN15398039,SRX8631046,Illumina NovaSeq 6000,NSSH33_Norway_Atlantic_Spring_rg1,PAIRED,Clupea harengus,ILLUMINA,NSSH33,NA,individual,not determined,NSSH33,NA,NA,N67° 46',E9°47',NA,NA,modern,NA
SRR12106952,6668171174,SAMN15398040,SRX8631050,Illumina NovaSeq 6000,NSSH34_Norway_Atlantic_Spring_rg2,PAIRED,Clupea harengus,ILLUMINA,NSSH34,NA,individual,not determined,NSSH34,NA,NA,N67° 46',E9°47',NA,NA,modern,NA
SRR12106953,6718464442,SAMN15398040,SRX8631049,Illumina NovaSeq 6000,NSSH34_Norway_Atlantic_Spring_rg1,PAIRED,Clupea harengus,ILLUMINA,NSSH34,NA,individual,not determined,NSSH34,NA,NA,N67° 46',E9°47',NA,NA,modern,NA
SRR12106950,5305353894,SAMN15398041,SRX8631052,Illumina NovaSeq 6000,NSSH36_Norway_Atlantic_Spring_rg2,PAIRED,Clupea harengus,ILLUMINA,NSSH36,NA,individual,not determined,NSSH36,NA,NA,N67° 46',E9°47',NA,NA,modern,NA
SRR12106951,5340273852,SAMN15398041,SRX8631051,Illumina NovaSeq 6000,NSSH36_Norway_Atlantic_Spring_rg1,PAIRED,Clupea harengus,ILLUMINA,NSSH36,NA,individual,not determined,NSSH36,NA,NA,N67° 46',E9°47',NA,NA,modern,NA
SRR12106888,16273234200,SAMN15398035,SRX8631114,Illumina NovaSeq 6000,Pacific16_Vancouver_Pacific_rg3,PAIRED,Clupea pallasii,ILLUMINA,Pacific16,NA,individual,not determined,Pacific16,NA,NA,NA,NA,49.35685 -123.87275,NA,modern,NA
SRR12106899,16772346300,SAMN15398035,SRX8631103,Illumina NovaSeq 6000,Pacific16_Vancouver_Pacific_rg2,PAIRED,Clupea pallasii,ILLUMINA,Pacific16,NA,individual,not determined,Pacific16,NA,NA,NA,NA,49.35685 -123.87274,NA,modern,NA
SRR12106910,16332449100,SAMN15398035,SRX8631092,Illumina NovaSeq 6000,Pacific16_Vancouver_Pacific_rg1,PAIRED,Clupea pallasii,ILLUMINA,Pacific16,NA,individual,not determined,Pacific16,NA,NA,NA,NA,49.35685 -123.87273,NA,modern,
SRR12106954,13636993800,SAMN15398033,SRX8631048,Illumina NovaSeq 6000,Pacific3_Vancouver_Pacific_rg3,PAIRED,Clupea pallasii,ILLUMINA,Pacific3,NA,individual,not determined,Pacific3,NA,NA,NA,NA,49.35685 -123.87272,NA,modern,NA
SRR12106965,13890557100,SAMN15398033,SRX8631037,Illumina NovaSeq 6000,Pacific3_Vancouver_Pacific_rg2,PAIRED,Clupea pallasii,ILLUMINA,Pacific3,NA,individual,not determined,Pacific3,NA,NA,NA,NA,49.35685 -123.87271,NA,modern,NA
SRR12106966,13662280800,SAMN15398033,SRX8631036,Illumina NovaSeq 6000,Pacific3_Vancouver_Pacific_rg1,PAIRED,Clupea pallasii,ILLUMINA,Pacific3,NA,individual,not determined,Pacific3,NA,NA,NA,NA,49.35685 -123.87270,NA,modern,NA
SRR12106877,7321743600,SAMN15398036,SRX8631125,Illumina NovaSeq 6000,Pacific30_Vancouver_Pacific_rg1,PAIRED,Clupea pallasii,ILLUMINA,Pacific30,NA,individual,not determined,Pacific30,NA,NA,NA,NA,49.35685 -123.87269,NA,modern,NA
SRR12106963,7344657900,SAMN15398036,SRX8631039,Illumina NovaSeq 6000,Pacific30_Vancouver_Pacific_rg3,PAIRED,Clupea pallasii,ILLUMINA,Pacific30,NA,individual,not determined,Pacific30,NA,NA,NA,NA,49.35685 -123.87268,NA,modern,NA
SRR12106964,7271668200,SAMN15398036,SRX8631038,Illumina NovaSeq 6000,Pacific30_Vancouver_Pacific_rg2,PAIRED,Clupea pallasii,ILLUMINA,Pacific30,NA,individual,not determined,Pacific30,NA,NA,NA,NA,49.35685 -123.87267,NA,modern,NA
SRR12106960,13317401400,SAMN15398037,SRX8631042,Illumina NovaSeq 6000,Pacific35_Vancouver_Pacific_rg3,PAIRED,Clupea pallasii,ILLUMINA,Pacific35,NA,individual,not determined,Pacific35,NA,NA,NA,NA,49.35685 -123.87266,NA,modern,NA
SRR12106961,12800255100,SAMN15398037,SRX8631041,Illumina NovaSeq 6000,Pacific35_Vancouver_Pacific_rg2,PAIRED,Clupea pallasii,ILLUMINA,Pacific35,NA,individual,not determined,Pacific35,NA,NA,NA,NA,49.35685 -123.87265,NA,modern,NA
SRR12106962,13227622200,SAMN15398037,SRX8631040,Illumina NovaSeq 6000,Pacific35_Vancouver_Pacific_rg1,PAIRED,Clupea pallasii,ILLUMINA,Pacific35,NA,individual,not determined,Pacific35,NA,NA,NA,NA,49.35685 -123.87264,NA,modern,NA
SRR12106957,16296992400,SAMN15398038,SRX8631045,Illumina NovaSeq 6000,Pacific44_Vancouver_Pacific_rg3,PAIRED,Clupea pallasii,ILLUMINA,Pacific44,NA,individual,not determined,Pacific44,NA,NA,NA,NA,49.35685 -123.87263,NA,modern,NA
SRR12106958,16553638500,SAMN15398038,SRX8631044,Illumina NovaSeq 6000,Pacific44_Vancouver_Pacific_rg2,PAIRED,Clupea pallasii,ILLUMINA,Pacific44,NA,individual,not determined,Pacific44,NA,NA,NA,NA,49.35685 -123.87262,NA,modern,NA
SRR12106959,16327221000,SAMN15398038,SRX8631043,Illumina NovaSeq 6000,Pacific44_Vancouver_Pacific_rg1,PAIRED,Clupea pallasii,ILLUMINA,Pacific44,NA,individual,not determined,Pacific44,NA,NA,NA,NA,49.35685 -123.87261,NA,modern,NA
SRR12106921,17090563500,SAMN15398034,SRX8631081,Illumina NovaSeq 6000,Pacific5_Vancouver_Pacific_rg3,PAIRED,Clupea pallasii,ILLUMINA,Pacific5,NA,individual,not determined,Pacific5,NA,NA,NA,NA,49.35685 -123.87260,NA,modern,NA
SRR12106932,17351566200,SAMN15398034,SRX8631070,Illumina NovaSeq 6000,Pacific5_Vancouver_Pacific_rg2,PAIRED,Clupea pallasii,ILLUMINA,Pacific5,NA,individual,not determined,Pacific5,NA,NA,NA,NA,49.35685 -123.87259,NA,modern,NA
SRR12106943,17069108700,SAMN15398034,SRX8631059,Illumina NovaSeq 6000,Pacific5_Vancouver_Pacific_rg1,PAIRED,Clupea pallasii,ILLUMINA,Pacific5,NA,individual,not determined,Pacific5,NA,NA,NA,NA,49.35685 -123.87258,NA,modern,NA
SRR24138820,3162872536,SAMN34152201,SRX19937157,Illumina HiSeq 2000,PB1_HastKar_Baltic_Spring_rg9,PAIRED,Clupea harengus,ILLUMINA,PB1_HastKar_Baltic_Spring,SRP269168,pool,pooled male and female,PB1,2013,Baltic Sea,NA,NA,60.35 N 17.48 E,spring,modern,50
SRR24138821,2635517294,SAMN34152201,SRX19937156,Illumina HiSeq 2000,PB1_HastKar_Baltic_Spring_rg8,PAIRED,Clupea harengus,ILLUMINA,PB1_HastKar_Baltic_Spring,SRP269168,pool,pooled male and female,PB1,2013,Baltic Sea,NA,NA,60.35 N 17.48 E,spring,modern,50
SRR24138822,2645362418,SAMN34152201,SRX19937155,Illumina HiSeq 2000,PB1_HastKar_Baltic_Spring_rg7,PAIRED,Clupea harengus,ILLUMINA,PB1_HastKar_Baltic_Spring,SRP269168,pool,pooled male and female,PB1,2013,Baltic Sea,NA,NA,60.35 N 17.48 E,spring,modern,50
SRR24138823,2663794142,SAMN34152201,SRX19937154,Illumina HiSeq 2000,PB1_HastKar_Baltic_Spring_rg6,PAIRED,Clupea harengus,ILLUMINA,PB1_HastKar_Baltic_Spring,SRP269168,pool,pooled male and female,PB1,2013,Baltic Sea,NA,NA,60.35 N 17.48 E,spring,modern,50
SRR24138824,2678370154,SAMN34152201,SRX19937153,Illumina HiSeq 2000,PB1_HastKar_Baltic_Spring_rg5,PAIRED,Clupea harengus,ILLUMINA,PB1_HastKar_Baltic_Spring,SRP269168,pool,pooled male and female,PB1,2013,Baltic Sea,NA,NA,60.35 N 17.48 E,spring,modern,50
SRR24138825,2661106994,SAMN34152201,SRX19937152,Illumina HiSeq 2000,PB1_HastKar_Baltic_Spring_rg4,PAIRED,Clupea harengus,ILLUMINA,PB1_HastKar_Baltic_Spring,SRP269168,pool,pooled male and female,PB1,2013,Baltic Sea,NA,NA,60.35 N 17.48 E,spring,modern,50
SRR24138826,2646647037,SAMN34152201,SRX19937151,Illumina HiSeq 2000,PB1_HastKar_Baltic_Spring_rg3,PAIRED,Clupea harengus,ILLUMINA,PB1_HastKar_Baltic_Spring,SRP269168,pool,pooled male and female,PB1,2013,Baltic Sea,NA,NA,60.35 N 17.48 E,spring,modern,50
SRR24138827,2991060028,SAMN34152201,SRX19937150,Illumina HiSeq 2000,PB1_HastKar_Baltic_Spring_rg2,PAIRED,Clupea harengus,ILLUMINA,PB1_HastKar_Baltic_Spring,SRP269168,pool,pooled male and female,PB1,2013,Baltic Sea,NA,NA,60.35 N 17.48 E,spring,modern,50
SRR24138828,2930431475,SAMN34152201,SRX19937149,Illumina HiSeq 2000,PB1_HastKar_Baltic_Spring_rg1,PAIRED,Clupea harengus,ILLUMINA,PB1_HastKar_Baltic_Spring,SRP269168,pool,pooled male and female,PB1,2013,Baltic Sea,NA,NA,60.35 N 17.48 E,spring,modern,50
SRR24138829,3084708699,SAMN34152201,SRX19937148,Illumina HiSeq 2000,PB1_HastKar_Baltic_Spring_rg11,PAIRED,Clupea harengus,ILLUMINA,PB1_HastKar_Baltic_Spring,SRP269168,pool,pooled male and female,PB1,2013,Baltic Sea,NA,NA,60.35 N 17.48 E,spring,modern,50
SRR24138831,3038239893,SAMN34152201,SRX19937146,Illumina HiSeq 2000,PB1_HastKar_Baltic_Spring_rg10,PAIRED,Clupea harengus,ILLUMINA,PB1_HastKar_Baltic_Spring,SRP269168,pool,pooled male and female,PB1,2013,Baltic Sea,NA,NA,60.35 N 17.48 E,spring,modern,50
SRR24138610,3493798801,SAMN34152192,SRX19937283,Illumina HiSeq 2000,PB10_Skagerrak_Atlantic_Spring_rg2,PAIRED,Clupea harengus,ILLUMINA,PB10_Skagerrak_Atlantic_Spring,SRP269168,pool,pooled male and female,PB10,2012,Atlantic Ocean:Skagerrak,NA,NA,58.19 N 11.21 W,spring,modern,100
SRR24138695,3430970540,SAMN34152192,SRX19937282,Illumina HiSeq 2000,PB10_Skagerrak_Atlantic_Spring_rg1,PAIRED,Clupea harengus,ILLUMINA,PB10_Skagerrak_Atlantic_Spring,SRP269168,pool,pooled male and female,PB10,2012,Atlantic Ocean:Skagerrak,NA,NA,58.19 N 11.21 W,spring,modern,100
SRR24138696,3596190068,SAMN34152192,SRX19937281,Illumina HiSeq 2000,PB10_Skagerrak_Atlantic_Spring_rg11,PAIRED,Clupea harengus,ILLUMINA,PB10_Skagerrak_Atlantic_Spring,SRP269168,pool,pooled male and female,PB10,2012,Atlantic Ocean:Skagerrak,NA,NA,58.19 N 11.21 W,spring,modern,100
SRR24138697,3532531723,SAMN34152192,SRX19937280,Illumina HiSeq 2000,PB10_Skagerrak_Atlantic_Spring_rg10,PAIRED,Clupea harengus,ILLUMINA,PB10_Skagerrak_Atlantic_Spring,SRP269168,pool,pooled male and female,PB10,2012,Atlantic Ocean:Skagerrak,NA,NA,58.19 N 11.21 W,spring,modern,100
SRR24138772,3715923746,SAMN34152192,SRX19937205,Illumina HiSeq 2000,PB10_Skagerrak_Atlantic_Spring_rg9,PAIRED,Clupea harengus,ILLUMINA,PB10_Skagerrak_Atlantic_Spring,SRP269168,pool,pooled male and female,PB10,2012,Atlantic Ocean:Skagerrak,NA,NA,58.19 N 11.21 W,spring,modern,100
SRR24138773,3095877621,SAMN34152192,SRX19937204,Illumina HiSeq 2000,PB10_Skagerrak_Atlantic_Spring_rg8,PAIRED,Clupea harengus,ILLUMINA,PB10_Skagerrak_Atlantic_Spring,SRP269168,pool,pooled male and female,PB10,2012,Atlantic Ocean:Skagerrak,NA,NA,58.19 N 11.21 W,spring,modern,100
SRR24138774,3113833624,SAMN34152192,SRX19937203,Illumina HiSeq 2000,PB10_Skagerrak_Atlantic_Spring_rg7,PAIRED,Clupea harengus,ILLUMINA,PB10_Skagerrak_Atlantic_Spring,SRP269168,pool,pooled male and female,PB10,2012,Atlantic Ocean:Skagerrak,NA,NA,58.19 N 11.21 W,spring,modern,100
SRR24138775,3133136461,SAMN34152192,SRX19937202,Illumina HiSeq 2000,PB10_Skagerrak_Atlantic_Spring_rg6,PAIRED,Clupea harengus,ILLUMINA,PB10_Skagerrak_Atlantic_Spring,SRP269168,pool,pooled male and female,PB10,2012,Atlantic Ocean:Skagerrak,NA,NA,58.19 N 11.21 W,spring,modern,100
SRR24138776,3144128709,SAMN34152192,SRX19937201,Illumina HiSeq 2000,PB10_Skagerrak_Atlantic_Spring_rg5,PAIRED,Clupea harengus,ILLUMINA,PB10_Skagerrak_Atlantic_Spring,SRP269168,pool,pooled male and female,PB10,2012,Atlantic Ocean:Skagerrak,NA,NA,58.19 N 11.21 W,spring,modern,100
SRR24138777,3117881729,SAMN34152192,SRX19937200,Illumina HiSeq 2000,PB10_Skagerrak_Atlantic_Spring_rg4,PAIRED,Clupea harengus,ILLUMINA,PB10_Skagerrak_Atlantic_Spring,SRP269168,pool,pooled male and female,PB10,2012,Atlantic Ocean:Skagerrak,NA,NA,58.19 N 11.21 W,spring,modern,100
SRR24138778,3099379266,SAMN34152192,SRX19937143,Illumina HiSeq 2000,PB10_Skagerrak_Atlantic_Spring_rg3,PAIRED,Clupea harengus,ILLUMINA,PB10_Skagerrak_Atlantic_Spring,SRP269168,pool,pooled male and female,PB10,2012,Atlantic Ocean:Skagerrak,NA,NA,58.19 N 11.21 W,spring,modern,100
SRR24138760,3487888476,SAMN34152194,SRX19937217,Illumina HiSeq 2000,PB11_Kalmar_Baltic_Spring_rg9,PAIRED,Clupea harengus,ILLUMINA,PB11_Kalmar_Baltic_Spring,SRP269168,pool,pooled male and female,PB11,2012,Baltic Sea,NA,NA,57.39 N 17.07 E,spring,modern,100
SRR24138761,2917359734,SAMN34152194,SRX19937216,Illumina HiSeq 2000,PB11_Kalmar_Baltic_Spring_rg8,PAIRED,Clupea harengus,ILLUMINA,PB11_Kalmar_Baltic_Spring,SRP269168,pool,pooled male and female,PB11,2012,Baltic Sea,NA,NA,57.39 N 17.07 E,spring,modern,100
SRR24138762,2933593192,SAMN34152194,SRX19937215,Illumina HiSeq 2000,PB11_Kalmar_Baltic_Spring_rg7,PAIRED,Clupea harengus,ILLUMINA,PB11_Kalmar_Baltic_Spring,SRP269168,pool,pooled male and female,PB11,2012,Baltic Sea,NA,NA,57.39 N 17.07 E,spring,modern,100
SRR24138763,2951990901,SAMN34152194,SRX19937214,Illumina HiSeq 2000,PB11_Kalmar_Baltic_Spring_rg6,PAIRED,Clupea harengus,ILLUMINA,PB11_Kalmar_Baltic_Spring,SRP269168,pool,pooled male and female,PB11,2012,Baltic Sea,NA,NA,57.39 N 17.07 E,spring,modern,100
SRR24138764,2968681968,SAMN34152194,SRX19937213,Illumina HiSeq 2000,PB11_Kalmar_Baltic_Spring_rg5,PAIRED,Clupea harengus,ILLUMINA,PB11_Kalmar_Baltic_Spring,SRP269168,pool,pooled male and female,PB11,2012,Baltic Sea,NA,NA,57.39 N 17.07 E,spring,modern,100
SRR24138765,2939111119,SAMN34152194,SRX19937212,Illumina HiSeq 2000,PB11_Kalmar_Baltic_Spring_rg4,PAIRED,Clupea harengus,ILLUMINA,PB11_Kalmar_Baltic_Spring,SRP269168,pool,pooled male and female,PB11,2012,Baltic Sea,NA,NA,57.39 N 17.07 E,spring,modern,100
SRR24138766,2927271386,SAMN34152194,SRX19937211,Illumina HiSeq 2000,PB11_Kalmar_Baltic_Spring_rg3,PAIRED,Clupea harengus,ILLUMINA,PB11_Kalmar_Baltic_Spring,SRP269168,pool,pooled male and female,PB11,2012,Baltic Sea,NA,NA,57.39 N 17.07 E,spring,modern,100
SRR24138767,3283981239,SAMN34152194,SRX19937210,Illumina HiSeq 2000,PB11_Kalmar_Baltic_Spring_rg2,PAIRED,Clupea harengus,ILLUMINA,PB11_Kalmar_Baltic_Spring,SRP269168,pool,pooled male and female,PB11,2012,Baltic Sea,NA,NA,57.39 N 17.07 E,spring,modern,100
SRR24138769,3221766824,SAMN34152194,SRX19937208,Illumina HiSeq 2000,PB11_Kalmar_Baltic_Spring_rg1,PAIRED,Clupea harengus,ILLUMINA,PB11_Kalmar_Baltic_Spring,SRP269168,pool,pooled male and female,PB11,2012,Baltic Sea,NA,NA,57.39 N 17.07 E,spring,modern,100
SRR24138770,3396679278,SAMN34152194,SRX19937207,Illumina HiSeq 2000,PB11_Kalmar_Baltic_Spring_rg11,PAIRED,Clupea harengus,ILLUMINA,PB11_Kalmar_Baltic_Spring,SRP269168,pool,pooled male and female,PB11,2012,Baltic Sea,NA,NA,57.39 N 17.07 E,spring,modern,100
SRR24138771,3339050528,SAMN34152194,SRX19937206,Illumina HiSeq 2000,PB11_Kalmar_Baltic_Spring_rg10,PAIRED,Clupea harengus,ILLUMINA,PB11_Kalmar_Baltic_Spring,SRP269168,pool,pooled male and female,PB11,2012,Baltic Sea,NA,NA,57.39 N 17.07 E,spring,modern,100
SRR24138751,2502315470,SAMN34152195,SRX19937226,Illumina HiSeq 2000,PB12_Karlskrona_Baltic_Spring_rg6,PAIRED,Clupea harengus,ILLUMINA,PB12_Karlskrona_Baltic_Spring,SRP269168,pool,pooled male and female,PB12,2012,Baltic Sea,NA,NA,56.1 N 15.33 E,spring,modern,100
SRR24138752,2523729379,SAMN34152195,SRX19937225,Illumina HiSeq 2000,PB12_Karlskrona_Baltic_Spring_rg5,PAIRED,Clupea harengus,ILLUMINA,PB12_Karlskrona_Baltic_Spring,SRP269168,pool,pooled male and female,PB12,2012,Baltic Sea,NA,NA,56.1 N 15.33 E,spring,modern,100
SRR24138753,2504586522,SAMN34152195,SRX19937224,Illumina HiSeq 2000,PB12_Karlskrona_Baltic_Spring_rg4,PAIRED,Clupea harengus,ILLUMINA,PB12_Karlskrona_Baltic_Spring,SRP269168,pool,pooled male and female,PB12,2012,Baltic Sea,NA,NA,56.1 N 15.33 E,spring,modern,100
SRR24138754,2495556630,SAMN34152195,SRX19937223,Illumina HiSeq 2000,PB12_Karlskrona_Baltic_Spring_rg3,PAIRED,Clupea harengus,ILLUMINA,PB12_Karlskrona_Baltic_Spring,SRP269168,pool,pooled male and female,PB12,2012,Baltic Sea,NA,NA,56.1 N 15.33 E,spring,modern,100
SRR24138755,2827728851,SAMN34152195,SRX19937222,Illumina HiSeq 2000,PB12_Karlskrona_Baltic_Spring_rg2,PAIRED,Clupea harengus,ILLUMINA,PB12_Karlskrona_Baltic_Spring,SRP269168,pool,pooled male and female,PB12,2012,Baltic Sea,NA,NA,56.1 N 15.33 E,spring,modern,100
SRR24138756,2761345932,SAMN34152195,SRX19937221,Illumina HiSeq 2000,PB12_Karlskrona_Baltic_Spring_rg1,PAIRED,Clupea harengus,ILLUMINA,PB12_Karlskrona_Baltic_Spring,SRP269168,pool,pooled male and female,PB12,2012,Baltic Sea,NA,NA,56.1 N 15.33 E,spring,modern,100
SRR24138758,2912671248,SAMN34152195,SRX19937219,Illumina HiSeq 2000,PB12_Karlskrona_Baltic_Spring_rg11,PAIRED,Clupea harengus,ILLUMINA,PB12_Karlskrona_Baltic_Spring,SRP269168,pool,pooled male and female,PB12,2012,Baltic Sea,NA,NA,56.1 N 15.33 E,spring,modern,100
SRR24138759,2868987099,SAMN34152195,SRX19937218,Illumina HiSeq 2000,PB12_Karlskrona_Baltic_Spring_rg10,PAIRED,Clupea harengus,ILLUMINA,PB12_Karlskrona_Baltic_Spring,SRP269168,pool,pooled male and female,PB12,2012,Baltic Sea,NA,NA,56.1 N 15.33 E,spring,modern,100
SRR24138832,2998849957,SAMN34152195,SRX19937145,Illumina HiSeq 2000,PB12_Karlskrona_Baltic_Spring_rg9,PAIRED,Clupea harengus,ILLUMINA,PB12_Karlskrona_Baltic_Spring,SRP269168,pool,pooled male and female,PB12,2012,Baltic Sea,NA,NA,56.1 N 15.33 E,spring,modern,100
SRR24138833,2469140827,SAMN34152195,SRX19937144,Illumina HiSeq 2000,PB12_Karlskrona_Baltic_Spring_rg8,PAIRED,Clupea harengus,ILLUMINA,PB12_Karlskrona_Baltic_Spring,SRP269168,pool,pooled male and female,PB12,2012,Baltic Sea,NA,NA,56.1 N 15.33 E,spring,modern,100
SRR24138834,2481383026,SAMN34152195,SRX19937227,Illumina HiSeq 2000,PB12_Karlskrona_Baltic_Spring_rg7,PAIRED,Clupea harengus,ILLUMINA,PB12_Karlskrona_Baltic_Spring,SRP269168,pool,pooled male and female,PB12,2012,Baltic Sea,NA,NA,56.1 N 15.33 E,spring,modern,100
SRR24138807,3640161004,SAMN34152191,SRX19937170,Illumina HiSeq 2000,PB2_Iceland_Atlantic_Spring_rg9,PAIRED,Clupea harengus,ILLUMINA,PB2_Iceland_Atlantic_Spring,SRP269168,pool,pooled male and female,PB2,2011,Iceland,NA,NA,65.49 N 12.58 W,spring,modern,50
SRR24138809,3050736552,SAMN34152191,SRX19937168,Illumina HiSeq 2000,PB2_Iceland_Atlantic_Spring_rg8,PAIRED,Clupea harengus,ILLUMINA,PB2_Iceland_Atlantic_Spring,SRP269168,pool,pooled male and female,PB2,2011,Iceland,NA,NA,65.49 N 12.58 W,spring,modern,50
SRR24138810,3042345297,SAMN34152191,SRX19937167,Illumina HiSeq 2000,PB2_Iceland_Atlantic_Spring_rg7,PAIRED,Clupea harengus,ILLUMINA,PB2_Iceland_Atlantic_Spring,SRP269168,pool,pooled male and female,PB2,2011,Iceland,NA,NA,65.49 N 12.58 W,spring,modern,50
SRR24138811,3070884153,SAMN34152191,SRX19937166,Illumina HiSeq 2000,PB2_Iceland_Atlantic_Spring_rg6,PAIRED,Clupea harengus,ILLUMINA,PB2_Iceland_Atlantic_Spring,SRP269168,pool,pooled male and female,PB2,2011,Iceland,NA,NA,65.49 N 12.58 W,spring,modern,50
SRR24138812,3080495994,SAMN34152191,SRX19937165,Illumina HiSeq 2000,PB2_Iceland_Atlantic_Spring_rg5,PAIRED,Clupea harengus,ILLUMINA,PB2_Iceland_Atlantic_Spring,SRP269168,pool,pooled male and female,PB2,2011,Iceland,NA,NA,65.49 N 12.58 W,spring,modern,50
SRR24138813,3081473099,SAMN34152191,SRX19937164,Illumina HiSeq 2000,PB2_Iceland_Atlantic_Spring_rg4,PAIRED,Clupea harengus,ILLUMINA,PB2_Iceland_Atlantic_Spring,SRP269168,pool,pooled male and female,PB2,2011,Iceland,NA,NA,65.49 N 12.58 W,spring,modern,50
SRR24138814,3042615907,SAMN34152191,SRX19937163,Illumina HiSeq 2000,PB2_Iceland_Atlantic_Spring_rg3,PAIRED,Clupea harengus,ILLUMINA,PB2_Iceland_Atlantic_Spring,SRP269168,pool,pooled male and female,PB2,2011,Iceland,NA,NA,65.49 N 12.58 W,spring,modern,50
SRR24138815,3399755593,SAMN34152191,SRX19937162,Illumina HiSeq 2000,PB2_Iceland_Atlantic_Spring_rg2,PAIRED,Clupea harengus,ILLUMINA,PB2_Iceland_Atlantic_Spring,SRP269168,pool,pooled male and female,PB2,2011,Iceland,NA,NA,65.49 N 12.58 W,spring,modern,50
SRR24138816,3307374333,SAMN34152191,SRX19937161,Illumina HiSeq 2000,PB2_Iceland_Atlantic_Spring_rg1,PAIRED,Clupea harengus,ILLUMINA,PB2_Iceland_Atlantic_Spring,SRP269168,pool,pooled male and female,PB2,2011,Iceland,NA,NA,65.49 N 12.58 W,spring,modern,50
SRR24138817,3513522089,SAMN34152191,SRX19937160,Illumina HiSeq 2000,PB2_Iceland_Atlantic_Spring_rg11,PAIRED,Clupea harengus,ILLUMINA,PB2_Iceland_Atlantic_Spring,SRP269168,pool,pooled male and female,PB2,2011,Iceland,NA,NA,65.49 N 12.58 W,spring,modern,50
SRR24138818,3463362603,SAMN34152191,SRX19937159,Illumina HiSeq 2000,PB2_Iceland_Atlantic_Spring_rg10,PAIRED,Clupea harengus,ILLUMINA,PB2_Iceland_Atlantic_Spring,SRP269168,pool,pooled male and female,PB2,2011,Iceland,NA,NA,65.49 N 12.58 W,spring,modern,50
SRR24138683,4025442573,SAMN34152199,SRX19937294,Illumina HiSeq 2000,PB4_Hudiksvall_Baltic_Spring_rg9,PAIRED,Clupea harengus,ILLUMINA,PB4_Hudiksvall_Baltic_Spring,SRP269168,pool,pooled male and female,PB4,2012,Sweden,NA,NA,61.45 N 17.3 E,spring,modern,100
SRR24138684,3389296218,SAMN34152199,SRX19937293,Illumina HiSeq 2000,PB4_Hudiksvall_Baltic_Spring_rg8,PAIRED,Clupea harengus,ILLUMINA,PB4_Hudiksvall_Baltic_Spring,SRP269168,pool,pooled male and female,PB4,2012,Sweden,NA,NA,61.45 N 17.3 E,spring,modern,100
SRR24138686,3399087713,SAMN34152199,SRX19937291,Illumina HiSeq 2000,PB4_Hudiksvall_Baltic_Spring_rg7,PAIRED,Clupea harengus,ILLUMINA,PB4_Hudiksvall_Baltic_Spring,SRP269168,pool,pooled male and female,PB4,2012,Sweden,NA,NA,61.45 N 17.3 E,spring,modern,100
SRR24138687,3419143301,SAMN34152199,SRX19937290,Illumina HiSeq 2000,PB4_Hudiksvall_Baltic_Spring_rg6,PAIRED,Clupea harengus,ILLUMINA,PB4_Hudiksvall_Baltic_Spring,SRP269168,pool,pooled male and female,PB4,2012,Sweden,NA,NA,61.45 N 17.3 E,spring,modern,100
SRR24138688,3443990597,SAMN34152199,SRX19937289,Illumina HiSeq 2000,PB4_Hudiksvall_Baltic_Spring_rg5,PAIRED,Clupea harengus,ILLUMINA,PB4_Hudiksvall_Baltic_Spring,SRP269168,pool,pooled male and female,PB4,2012,Sweden,NA,NA,61.45 N 17.3 E,spring,modern,100
SRR24138689,3440338202,SAMN34152199,SRX19937288,Illumina HiSeq 2000,PB4_Hudiksvall_Baltic_Spring_rg4,PAIRED,Clupea harengus,ILLUMINA,PB4_Hudiksvall_Baltic_Spring,SRP269168,pool,pooled male and female,PB4,2012,Sweden,NA,NA,61.45 N 17.3 E,spring,modern,100
SRR24138690,3408798972,SAMN34152199,SRX19937287,Illumina HiSeq 2000,PB4_Hudiksvall_Baltic_Spring_rg3,PAIRED,Clupea harengus,ILLUMINA,PB4_Hudiksvall_Baltic_Spring,SRP269168,pool,pooled male and female,PB4,2012,Sweden,NA,NA,61.45 N 17.3 E,spring,modern,100
SRR24138691,3803982889,SAMN34152199,SRX19937286,Illumina HiSeq 2000,PB4_Hudiksvall_Baltic_Spring_rg2,PAIRED,Clupea harengus,ILLUMINA,PB4_Hudiksvall_Baltic_Spring,SRP269168,pool,pooled male and female,PB4,2012,Sweden,NA,NA,61.45 N 17.3 E,spring,modern,100
SRR24138692,3745309739,SAMN34152199,SRX19937285,Illumina HiSeq 2000,PB4_Hudiksvall_Baltic_Spring_rg1,PAIRED,Clupea harengus,ILLUMINA,PB4_Hudiksvall_Baltic_Spring,SRP269168,pool,pooled male and female,PB4,2012,Sweden,NA,NA,61.45 N 17.3 E,spring,modern,100
SRR24138693,3920437374,SAMN34152199,SRX19937284,Illumina HiSeq 2000,PB4_Hudiksvall_Baltic_Spring_rg11,PAIRED,Clupea harengus,ILLUMINA,PB4_Hudiksvall_Baltic_Spring,SRP269168,pool,pooled male and female,PB4,2012,Sweden,NA,NA,61.45 N 17.3 E,spring,modern,100
SRR24138694,3855074244,SAMN34152199,SRX19937171,Illumina HiSeq 2000,PB4_Hudiksvall_Baltic_Spring_rg10,PAIRED,Clupea harengus,ILLUMINA,PB4_Hudiksvall_Baltic_Spring,SRP269168,pool,pooled male and female,PB4,2012,Sweden,NA,NA,61.45 N 17.3 E,spring,modern,100
SRR24138671,3166372693,SAMN34152200,SRX19937306,Illumina HiSeq 2000,PB5_Galve_Baltic_Spring_rg9,PAIRED,Clupea harengus,ILLUMINA,PB5_Galve_Baltic_Spring,SRP269168,pool,pooled male and female,PB5,2012,Baltic Sea,NA,NA,60.43 N 17.18 E,spring,modern,100
SRR24138672,2679336278,SAMN34152200,SRX19937305,Illumina HiSeq 2000,PB5_Galve_Baltic_Spring_rg8,PAIRED,Clupea harengus,ILLUMINA,PB5_Galve_Baltic_Spring,SRP269168,pool,pooled male and female,PB5,2012,Baltic Sea,NA,NA,60.43 N 17.18 E,spring,modern,100
SRR24138673,2679494587,SAMN34152200,SRX19937304,Illumina HiSeq 2000,PB5_Galve_Baltic_Spring_rg7,PAIRED,Clupea harengus,ILLUMINA,PB5_Galve_Baltic_Spring,SRP269168,pool,pooled male and female,PB5,2012,Baltic Sea,NA,NA,60.43 N 17.18 E,spring,modern,100
SRR24138675,2697372778,SAMN34152200,SRX19937302,Illumina HiSeq 2000,PB5_Galve_Baltic_Spring_rg6,PAIRED,Clupea harengus,ILLUMINA,PB5_Galve_Baltic_Spring,SRP269168,pool,pooled male and female,PB5,2012,Baltic Sea,NA,NA,60.43 N 17.18 E,spring,modern,100
SRR24138676,2725676460,SAMN34152200,SRX19937301,Illumina HiSeq 2000,PB5_Galve_Baltic_Spring_rg5,PAIRED,Clupea harengus,ILLUMINA,PB5_Galve_Baltic_Spring,SRP269168,pool,pooled male and female,PB5,2012,Baltic Sea,NA,NA,60.43 N 17.18 E,spring,modern,100
SRR24138677,2729515479,SAMN34152200,SRX19937300,Illumina HiSeq 2000,PB5_Galve_Baltic_Spring_rg4,PAIRED,Clupea harengus,ILLUMINA,PB5_Galve_Baltic_Spring,SRP269168,pool,pooled male and female,PB5,2012,Baltic Sea,NA,NA,60.43 N 17.18 E,spring,modern,100
SRR24138678,2689562675,SAMN34152200,SRX19937299,Illumina HiSeq 2000,PB5_Galve_Baltic_Spring_rg3,PAIRED,Clupea harengus,ILLUMINA,PB5_Galve_Baltic_Spring,SRP269168,pool,pooled male and female,PB5,2012,Baltic Sea,NA,NA,60.43 N 17.18 E,spring,modern,100
SRR24138679,3009920953,SAMN34152200,SRX19937298,Illumina HiSeq 2000,PB5_Galve_Baltic_Spring_rg2,PAIRED,Clupea harengus,ILLUMINA,PB5_Galve_Baltic_Spring,SRP269168,pool,pooled male and female,PB5,2012,Baltic Sea,NA,NA,60.43 N 17.18 E,spring,modern,100
SRR24138680,2953781073,SAMN34152200,SRX19937297,Illumina HiSeq 2000,PB5_Galve_Baltic_Spring_rg1,PAIRED,Clupea harengus,ILLUMINA,PB5_Galve_Baltic_Spring,SRP269168,pool,pooled male and female,PB5,2012,Baltic Sea,NA,NA,60.43 N 17.18 E,spring,modern,100
SRR24138681,3073883193,SAMN34152200,SRX19937296,Illumina HiSeq 2000,PB5_Galve_Baltic_Spring_rg11,PAIRED,Clupea harengus,ILLUMINA,PB5_Galve_Baltic_Spring,SRP269168,pool,pooled male and female,PB5,2012,Baltic Sea,NA,NA,60.43 N 17.18 E,spring,modern,100
SRR24138682,3021460482,SAMN34152200,SRX19937295,Illumina HiSeq 2000,PB5_Galve_Baltic_Spring_rg10,PAIRED,Clupea harengus,ILLUMINA,PB5_Galve_Baltic_Spring,SRP269168,pool,pooled male and female,PB5,2012,Baltic Sea,NA,NA,60.43 N 17.18 E,spring,modern,100
SRR24138667,3393594064,SAMN34152197,SRX19937310,Illumina HiSeq 2000,PB6_Galve_Baltic_Summer_rg2,PAIRED,Clupea harengus,ILLUMINA,PB6_Galve_Baltic_Summer,SRP269168,pool,pooled male and female,PB6,2012,Baltic Sea,NA,NA,60.43 N 17.18 E,summer,modern,100
SRR24138668,3346057029,SAMN34152197,SRX19937309,Illumina HiSeq 2000,PB6_Galve_Baltic_Summer_rg1,PAIRED,Clupea harengus,ILLUMINA,PB6_Galve_Baltic_Summer,SRP269168,pool,pooled male and female,PB6,2012,Baltic Sea,NA,NA,60.43 N 17.18 E,summer,modern,100
SRR24138669,3494661903,SAMN34152197,SRX19937308,Illumina HiSeq 2000,PB6_Galve_Baltic_Summer_rg11,PAIRED,Clupea harengus,ILLUMINA,PB6_Galve_Baltic_Summer,SRP269168,pool,pooled male and female,PB6,2012,Baltic Sea,NA,NA,60.43 N 17.18 E,summer,modern,100
SRR24138670,3431257428,SAMN34152197,SRX19937307,Illumina HiSeq 2000,PB6_Galve_Baltic_Summer_rg10,PAIRED,Clupea harengus,ILLUMINA,PB6_Galve_Baltic_Summer,SRP269168,pool,pooled male and female,PB6,2012,Baltic Sea,NA,NA,60.43 N 17.18 E,summer,modern,100
SRR24138743,3606660808,SAMN34152197,SRX19937234,Illumina HiSeq 2000,PB6_Galve_Baltic_Summer_rg9,PAIRED,Clupea harengus,ILLUMINA,PB6_Galve_Baltic_Summer,SRP269168,pool,pooled male and female,PB6,2012,Baltic Sea,NA,NA,60.43 N 17.18 E,summer,modern,100
SRR24138744,3027089136,SAMN34152197,SRX19937233,Illumina HiSeq 2000,PB6_Galve_Baltic_Summer_rg8,PAIRED,Clupea harengus,ILLUMINA,PB6_Galve_Baltic_Summer,SRP269168,pool,pooled male and female,PB6,2012,Baltic Sea,NA,NA,60.43 N 17.18 E,summer,modern,100
SRR24138745,3039274384,SAMN34152197,SRX19937232,Illumina HiSeq 2000,PB6_Galve_Baltic_Summer_rg7,PAIRED,Clupea harengus,ILLUMINA,PB6_Galve_Baltic_Summer,SRP269168,pool,pooled male and female,PB6,2012,Baltic Sea,NA,NA,60.43 N 17.18 E,summer,modern,100
SRR24138746,3054784052,SAMN34152197,SRX19937231,Illumina HiSeq 2000,PB6_Galve_Baltic_Summer_rg6,PAIRED,Clupea harengus,ILLUMINA,PB6_Galve_Baltic_Summer,SRP269168,pool,pooled male and female,PB6,2012,Baltic Sea,NA,NA,60.43 N 17.18 E,summer,modern,100
SRR24138748,3076737995,SAMN34152197,SRX19937229,Illumina HiSeq 2000,PB6_Galve_Baltic_Summer_rg5,PAIRED,Clupea harengus,ILLUMINA,PB6_Galve_Baltic_Summer,SRP269168,pool,pooled male and female,PB6,2012,Baltic Sea,NA,NA,60.43 N 17.18 E,summer,modern,100
SRR24138749,3063285627,SAMN34152197,SRX19937228,Illumina HiSeq 2000,PB6_Galve_Baltic_Summer_rg4,PAIRED,Clupea harengus,ILLUMINA,PB6_Galve_Baltic_Summer,SRP269168,pool,pooled male and female,PB6,2012,Baltic Sea,NA,NA,60.43 N 17.18 E,summer,modern,100
SRR24138750,3034226710,SAMN34152197,SRX19937311,Illumina HiSeq 2000,PB6_Galve_Baltic_Summer_rg3,PAIRED,Clupea harengus,ILLUMINA,PB6_Galve_Baltic_Summer,SRP269168,pool,pooled male and female,PB6,2012,Baltic Sea,NA,NA,60.43 N 17.18 E,summer,modern,100
SRR24138731,3300941691,SAMN34152198,SRX19937246,Illumina HiSeq 2000,PB7_Galve_Baltic_Autumn_rg9,PAIRED,Clupea harengus,ILLUMINA,PB7_Galve_Baltic_Autumn,SRP269168,pool,pooled male and female,PB7,2012,Baltic Sea,NA,NA,60.44 N 17.35 E,autumn,modern,100
SRR24138732,2771195863,SAMN34152198,SRX19937245,Illumina HiSeq 2000,PB7_Galve_Baltic_Autumn_rg8,PAIRED,Clupea harengus,ILLUMINA,PB7_Galve_Baltic_Autumn,SRP269168,pool,pooled male and female,PB7,2012,Baltic Sea,NA,NA,60.44 N 17.35 E,autumn,modern,100
SRR24138733,2755465105,SAMN34152198,SRX19937244,Illumina HiSeq 2000,PB7_Galve_Baltic_Autumn_rg7,PAIRED,Clupea harengus,ILLUMINA,PB7_Galve_Baltic_Autumn,SRP269168,pool,pooled male and female,PB7,2012,Baltic Sea,NA,NA,60.44 N 17.35 E,autumn,modern,100
SRR24138734,2786405049,SAMN34152198,SRX19937243,Illumina HiSeq 2000,PB7_Galve_Baltic_Autumn_rg6,PAIRED,Clupea harengus,ILLUMINA,PB7_Galve_Baltic_Autumn,SRP269168,pool,pooled male and female,PB7,2012,Baltic Sea,NA,NA,60.44 N 17.35 E,autumn,modern,100
SRR24138735,2793530072,SAMN34152198,SRX19937242,Illumina HiSeq 2000,PB7_Galve_Baltic_Autumn_rg5,PAIRED,Clupea harengus,ILLUMINA,PB7_Galve_Baltic_Autumn,SRP269168,pool,pooled male and female,PB7,2012,Baltic Sea,NA,NA,60.44 N 17.35 E,autumn,modern,100
SRR24138737,2803842456,SAMN34152198,SRX19937240,Illumina HiSeq 2000,PB7_Galve_Baltic_Autumn_rg4,PAIRED,Clupea harengus,ILLUMINA,PB7_Galve_Baltic_Autumn,SRP269168,pool,pooled male and female,PB7,2012,Baltic Sea,NA,NA,60.44 N 17.35 E,autumn,modern,100
SRR24138738,2758585803,SAMN34152198,SRX19937239,Illumina HiSeq 2000,PB7_Galve_Baltic_Autumn_rg3,PAIRED,Clupea harengus,ILLUMINA,PB7_Galve_Baltic_Autumn,SRP269168,pool,pooled male and female,PB7,2012,Baltic Sea,NA,NA,60.44 N 17.35 E,autumn,modern,100
SRR24138739,3077044889,SAMN34152198,SRX19937238,Illumina HiSeq 2000,PB7_Galve_Baltic_Autumn_rg2,PAIRED,Clupea harengus,ILLUMINA,PB7_Galve_Baltic_Autumn,SRP269168,pool,pooled male and female,PB7,2012,Baltic Sea,NA,NA,60.44 N 17.35 E,autumn,modern,100
SRR24138740,2994494908,SAMN34152198,SRX19937237,Illumina HiSeq 2000,PB7_Galve_Baltic_Autumn_rg1,PAIRED,Clupea harengus,ILLUMINA,PB7_Galve_Baltic_Autumn,SRP269168,pool,pooled male and female,PB7,2012,Baltic Sea,NA,NA,60.44 N 17.35 E,autumn,modern,100
SRR24138741,3171211415,SAMN34152198,SRX19937236,Illumina HiSeq 2000,PB7_Galve_Baltic_Autumn_rg11,PAIRED,Clupea harengus,ILLUMINA,PB7_Galve_Baltic_Autumn,SRP269168,pool,pooled male and female,PB7,2012,Baltic Sea,NA,NA,60.44 N 17.35 E,autumn,modern,100
SRR24138742,3128189045,SAMN34152198,SRX19937235,Illumina HiSeq 2000,PB7_Galve_Baltic_Autumn_rg10,PAIRED,Clupea harengus,ILLUMINA,PB7_Galve_Baltic_Autumn,SRP269168,pool,pooled male and female,PB7,2012,Baltic Sea,NA,NA,60.44 N 17.35 E,autumn,modern,100
SRR24138634,3278195955,SAMN34152189,SRX19937343,Illumina HiSeq 2000,PB8_Pacific_Pacific_Spring_rg9,PAIRED,Clupea pallasii,ILLUMINA,PB8_Pacific_Pacific_Spring,NA,pool,pooled male and female,PB8,2012,Pacific Ocean:Strait of Georgia,NA,NA,49.28326 N 123.15296 W,spring,modern,NA
SRR24138635,2766874168,SAMN34152189,SRX19937342,Illumina HiSeq 2000,PB8_Pacific_Pacific_Spring_rg8,PAIRED,Clupea pallasii,ILLUMINA,PB8_Pacific_Pacific_Spring,NA,pool,pooled male and female,PB8,2012,Pacific Ocean:Strait of Georgia,NA,NA,49.28326 N 123.15296 W,spring,modern,NA
SRR24138636,2763099580,SAMN34152189,SRX19937341,Illumina HiSeq 2000,PB8_Pacific_Pacific_Spring_rg7,PAIRED,Clupea pallasii,ILLUMINA,PB8_Pacific_Pacific_Spring,NA,pool,pooled male and female,PB8,2012,Pacific Ocean:Strait of Georgia,NA,NA,49.28326 N 123.15296 W,spring,modern,NA
SRR24138637,2784698838,SAMN34152189,SRX19937340,Illumina HiSeq 2000,PB8_Pacific_Pacific_Spring_rg6,PAIRED,Clupea pallasii,ILLUMINA,PB8_Pacific_Pacific_Spring,NA,pool,pooled male and female,PB8,2012,Pacific Ocean:Strait of Georgia,NA,NA,49.28326 N 123.15296 W,spring,modern,NA
SRR24138638,2797380326,SAMN34152189,SRX19937255,Illumina HiSeq 2000,PB8_Pacific_Pacific_Spring_rg5,PAIRED,Clupea pallasii,ILLUMINA,PB8_Pacific_Pacific_Spring,NA,pool,pooled male and female,PB8,2012,Pacific Ocean:Strait of Georgia,NA,NA,49.28326 N 123.15296 W,spring,modern,NA
SRR24138723,2796841203,SAMN34152189,SRX19937254,Illumina HiSeq 2000,PB8_Pacific_Pacific_Spring_rg4,PAIRED,Clupea pallasii,ILLUMINA,PB8_Pacific_Pacific_Spring,NA,pool,pooled male and female,PB8,2012,Pacific Ocean:Strait of Georgia,NA,NA,49.28326 N 123.15296 W,spring,modern,NA
SRR24138726,2761570676,SAMN34152189,SRX19937251,Illumina HiSeq 2000,PB8_Pacific_Pacific_Spring_rg3,PAIRED,Clupea pallasii,ILLUMINA,PB8_Pacific_Pacific_Spring,NA,pool,pooled male and female,PB8,2012,Pacific Ocean:Strait of Georgia,NA,NA,49.28326 N 123.15296 W,spring,modern,NA
SRR24138727,3082905660,SAMN34152189,SRX19937250,Illumina HiSeq 2000,PB8_Pacific_Pacific_Spring_rg2,PAIRED,Clupea pallasii,ILLUMINA,PB8_Pacific_Pacific_Spring,NA,pool,pooled male and female,PB8,2012,Pacific Ocean:Strait of Georgia,NA,NA,49.28326 N 123.15296 W,spring,modern,NA
SRR24138728,3018004273,SAMN34152189,SRX19937249,Illumina HiSeq 2000,PB8_Pacific_Pacific_Spring_rg1,PAIRED,Clupea pallasii,ILLUMINA,PB8_Pacific_Pacific_Spring,NA,pool,pooled male and female,PB8,2012,Pacific Ocean:Strait of Georgia,NA,NA,49.28326 N 123.15296 W,spring,modern,NA
SRR24138729,3186335115,SAMN34152189,SRX19937248,Illumina HiSeq 2000,PB8_Pacific_Pacific_Spring_rg11,PAIRED,Clupea pallasii,ILLUMINA,PB8_Pacific_Pacific_Spring,NA,pool,pooled male and female,PB8,2012,Pacific Ocean:Strait of Georgia,NA,NA,49.28326 N 123.15296 W,spring,modern,NA
SRR24138730,3133014184,SAMN34152189,SRX19937247,Illumina HiSeq 2000,PB8_Pacific_Pacific_Spring_rg10,PAIRED,Clupea pallasii,ILLUMINA,PB8_Pacific_Pacific_Spring,NA,pool,pooled male and female,PB8,2012,Pacific Ocean:Strait of Georgia,NA,NA,49.28326 N 123.15296 W,spring,modern,NA
SRR24138622,3710031082,SAMN34152193,SRX19937355,Illumina HiSeq 2000,PB9_Kattegat_Atlantic_Spring_rg9,PAIRED,Clupea harengus,ILLUMINA,PB9_Kattegat_Atlantic_Spring,SRP269168,pool,pooled male and female,PB9,2012,Denmark,NA,NA,57.43 N 11.42 E,spring,modern,100
SRR24138623,3166348225,SAMN34152193,SRX19937354,Illumina HiSeq 2000,PB9_Kattegat_Atlantic_Spring_rg8,PAIRED,Clupea harengus,ILLUMINA,PB9_Kattegat_Atlantic_Spring,SRP269168,pool,pooled male and female,PB9,2012,Denmark,NA,NA,57.43 N 11.42 E,spring,modern,100
SRR24138624,3155105638,SAMN34152193,SRX19937353,Illumina HiSeq 2000,PB9_Kattegat_Atlantic_Spring_rg7,PAIRED,Clupea harengus,ILLUMINA,PB9_Kattegat_Atlantic_Spring,SRP269168,pool,pooled male and female,PB9,2012,Denmark,NA,NA,57.43 N 11.42 E,spring,modern,100
SRR24138625,3178304105,SAMN34152193,SRX19937352,Illumina HiSeq 2000,PB9_Kattegat_Atlantic_Spring_rg6,PAIRED,Clupea harengus,ILLUMINA,PB9_Kattegat_Atlantic_Spring,SRP269168,pool,pooled male and female,PB9,2012,Denmark,NA,NA,57.43 N 11.42 E,spring,modern,100
SRR24138626,3203538378,SAMN34152193,SRX19937351,Illumina HiSeq 2000,PB9_Kattegat_Atlantic_Spring_rg5,PAIRED,Clupea harengus,ILLUMINA,PB9_Kattegat_Atlantic_Spring,SRP269168,pool,pooled male and female,PB9,2012,Denmark,NA,NA,57.43 N 11.42 E,spring,modern,100
SRR24138627,3219194970,SAMN34152193,SRX19937350,Illumina HiSeq 2000,PB9_Kattegat_Atlantic_Spring_rg4,PAIRED,Clupea harengus,ILLUMINA,PB9_Kattegat_Atlantic_Spring,SRP269168,pool,pooled male and female,PB9,2012,Denmark,NA,NA,57.43 N 11.42 E,spring,modern,100
SRR24138628,3173786056,SAMN34152193,SRX19937349,Illumina HiSeq 2000,PB9_Kattegat_Atlantic_Spring_rg3,PAIRED,Clupea harengus,ILLUMINA,PB9_Kattegat_Atlantic_Spring,SRP269168,pool,pooled male and female,PB9,2012,Denmark,NA,NA,57.43 N 11.42 E,spring,modern,100
SRR24138630,3524684925,SAMN34152193,SRX19937347,Illumina HiSeq 2000,PB9_Kattegat_Atlantic_Spring_rg2,PAIRED,Clupea harengus,ILLUMINA,PB9_Kattegat_Atlantic_Spring,SRP269168,pool,pooled male and female,PB9,2012,Denmark,NA,NA,57.43 N 11.42 E,spring,modern,100
SRR24138631,3453230497,SAMN34152193,SRX19937346,Illumina HiSeq 2000,PB9_Kattegat_Atlantic_Spring_rg1,PAIRED,Clupea harengus,ILLUMINA,PB9_Kattegat_Atlantic_Spring,SRP269168,pool,pooled male and female,PB9,2012,Denmark,NA,NA,57.43 N 11.42 E,spring,modern,100
SRR24138632,3615992410,SAMN34152193,SRX19937345,Illumina HiSeq 2000,PB9_Kattegat_Atlantic_Spring_rg11,PAIRED,Clupea harengus,ILLUMINA,PB9_Kattegat_Atlantic_Spring,SRP269168,pool,pooled male and female,PB9,2012,Denmark,NA,NA,57.43 N 11.42 E,spring,modern,100
SRR24138633,3556162518,SAMN34152193,SRX19937344,Illumina HiSeq 2000,PB9_Kattegat_Atlantic_Spring_rg10,PAIRED,Clupea harengus,ILLUMINA,PB9_Kattegat_Atlantic_Spring,SRP269168,pool,pooled male and female,PB9,2012,Denmark,NA,NA,57.43 N 11.42 E,spring,modern,100
SRR24138611,2518182608,SAMN34152196,SRX19937366,Illumina HiSeq 2000,PN3_CentralBaltic_Baltic_Spring_rg8,PAIRED,Clupea harengus,ILLUMINA,PN3_CentralBaltic_Baltic_Spring,SRP269168,pool,pooled male and female,PN3,2011,Baltic Sea,NA,NA,55.24 N 15.51 E,spring,modern,100
SRR24138612,2532352376,SAMN34152196,SRX19937365,Illumina HiSeq 2000,PN3_CentralBaltic_Baltic_Spring_rg7,PAIRED,Clupea harengus,ILLUMINA,PN3_CentralBaltic_Baltic_Spring,SRP269168,pool,pooled male and female,PN3,2011,Baltic Sea,NA,NA,55.24 N 15.51 E,spring,modern,100
SRR24138613,2545440491,SAMN34152196,SRX19937364,Illumina HiSeq 2000,PN3_CentralBaltic_Baltic_Spring_rg6,PAIRED,Clupea harengus,ILLUMINA,PN3_CentralBaltic_Baltic_Spring,SRP269168,pool,pooled male and female,PN3,2011,Baltic Sea,NA,NA,55.24 N 15.51 E,spring,modern,100
SRR24138614,2563757300,SAMN34152196,SRX19937363,Illumina HiSeq 2000,PN3_CentralBaltic_Baltic_Spring_rg5,PAIRED,Clupea harengus,ILLUMINA,PN3_CentralBaltic_Baltic_Spring,SRP269168,pool,pooled male and female,PN3,2011,Baltic Sea,NA,NA,55.24 N 15.51 E,spring,modern,100
SRR24138615,2548838257,SAMN34152196,SRX19937362,Illumina HiSeq 2000,PN3_CentralBaltic_Baltic_Spring_rg4,PAIRED,Clupea harengus,ILLUMINA,PN3_CentralBaltic_Baltic_Spring,SRP269168,pool,pooled male and female,PN3,2011,Baltic Sea,NA,NA,55.24 N 15.51 E,spring,modern,100
SRR24138616,2529661489,SAMN34152196,SRX19937361,Illumina HiSeq 2000,PN3_CentralBaltic_Baltic_Spring_rg3,PAIRED,Clupea harengus,ILLUMINA,PN3_CentralBaltic_Baltic_Spring,SRP269168,pool,pooled male and female,PN3,2011,Baltic Sea,NA,NA,55.24 N 15.51 E,spring,modern,100
SRR24138617,2826794270,SAMN34152196,SRX19937360,Illumina HiSeq 2000,PN3_CentralBaltic_Baltic_Spring_rg2,PAIRED,Clupea harengus,ILLUMINA,PN3_CentralBaltic_Baltic_Spring,SRP269168,pool,pooled male and female,PN3,2011,Baltic Sea,NA,NA,55.24 N 15.51 E,spring,modern,100
SRR24138619,2779762841,SAMN34152196,SRX19937358,Illumina HiSeq 2000,PN3_CentralBaltic_Baltic_Spring_rg1,PAIRED,Clupea harengus,ILLUMINA,PN3_CentralBaltic_Baltic_Spring,SRP269168,pool,pooled male and female,PN3,2011,Baltic Sea,NA,NA,55.24 N 15.51 E,spring,modern,100
SRR24138620,2915424571,SAMN34152196,SRX19937357,Illumina HiSeq 2000,PN3_CentralBaltic_Baltic_Spring_rg11,PAIRED,Clupea harengus,ILLUMINA,PN3_CentralBaltic_Baltic_Spring,SRP269168,pool,pooled male and female,PN3,2011,Baltic Sea,NA,NA,55.24 N 15.51 E,spring,modern,100
SRR24138621,2861983632,SAMN34152196,SRX19937356,Illumina HiSeq 2000,PN3_CentralBaltic_Baltic_Spring_rg10,PAIRED,Clupea harengus,ILLUMINA,PN3_CentralBaltic_Baltic_Spring,SRP269168,pool,pooled male and female,PN3,2011,Baltic Sea,NA,NA,55.24 N 15.51 E,spring,modern,100
SRR24138806,2999225194,SAMN34152196,SRX19937367,Illumina HiSeq 2000,PN3_CentralBaltic_Baltic_Spring_rg9,PAIRED,Clupea harengus,ILLUMINA,PN3_CentralBaltic_Baltic_Spring,SRP269168,pool,pooled male and female,PN3,2011,Baltic Sea,NA,NA,55.24 N 15.51 E,spring,modern,100
SRR12106913,30097247621,SAMN15398066,SRX8631089,Illumina NovaSeq 6000,TysklandS18_Germany_Baltic_rg1,PAIRED,Clupea harengus,ILLUMINA,TysklandS18,SRP269168,pool,not applicable,TysklandS18,NA,NA,NA,NA,NA,NA,modern,NA
SRR12106912,18075315312,SAMN15398067,SRX8631090,Illumina NovaSeq 6000,TysklandS33_Germany_Baltic_rg1,PAIRED,Clupea harengus,ILLUMINA,TysklandS33,SRP269168,pool,not applicable,TysklandS33,NA,NA,NA,NA,NA,NA,modern,NA
SRR12106942,5554209142,SAMN15398046,SRX8631060,Illumina NovaSeq 6000,Z12_IsleofMan_Atlantic_Autumn_rg2,PAIRED,Clupea harengus,ILLUMINA,Z12_IsleofMan,NA,individual,not determined,Z12,NA,NA,N54° 6',W4° 37',NA,NA,modern,NA
SRR12106944,5604407582,SAMN15398046,SRX8631058,Illumina NovaSeq 6000,Z12_IsleofMan_Atlantic_Autumn_rg1,PAIRED,Clupea harengus,ILLUMINA,Z12_IsleofMan,NA,individual,not determined,Z12,NA,NA,N54° 6',W4° 37',NA,NA,modern,NA
SRR12106940,6379682050,SAMN15398047,SRX8631062,Illumina NovaSeq 6000,Z14_IsleofMan_Atlantic_Autumn_rg2,PAIRED,Clupea harengus,ILLUMINA,Z14_IsleofMan,NA,individual,not determined,Z14,NA,NA,N54° 6',W4° 37',NA,NA,modern,NA
SRR12106941,6427618208,SAMN15398047,SRX8631061,Illumina NovaSeq 6000,Z14_IsleofMan_Atlantic_Autumn_rg1,PAIRED,Clupea harengus,ILLUMINA,Z14_IsleofMan,NA,individual,not determined,Z14,NA,NA,N54° 6',W4° 37',NA,NA,modern,NA
SRR12106945,8664204840,SAMN15398045,SRX8631057,Illumina NovaSeq 6000,Z4_IsleofMan_Atlantic_Autumn_rg2,PAIRED,Clupea harengus,ILLUMINA,Z4_IsleofMan,NA,individual,not determined,Z4,NA,NA,N54° 6',W4° 37',NA,NA,modern,NA
SRR12106946,8767837650,SAMN15398045,SRX8631056,Illumina NovaSeq 6000,Z4_IsleofMan_Atlantic_Autumn_rg1,PAIRED,Clupea harengus,ILLUMINA,Z4_IsleofMan,NA,individual,not determined,Z4,NA,NA,N54° 6',W4° 37',NA,NA,modern,NA